Id,Label,Weight
0,vzcrab,1.0
1,m-wells,1.0
2,nigeljames-tess,1.0
3,WhyNotHugo,1.0
4,baoyachi,1.0
5,eaingaran,1.0
6,steve-ross,1.0
7,ckt114,1.0
8,gaykitty,1.0
9,eugenesvk,1.0
10,esoterick,1.0
11,dpgeekzero,1.0
12,jackdorland,1.0
13,AlecRust,1.0
14,Rustmilian,1.0
15,iznogoud-zz,1.0
16,lkonya,1.0
17,FlyinPancake,1.0
18,RobLOlson,1.0
19,Systemcluster,1.0
20,jeka,1.0
21,Czyhandsome,1.0
22,fangykai,1.0
23,ognevny,1.0
24,rbjorklin,1.0
25,adrien-berchet,1.0
26,Qpp0,1.0
27,twirrim,1.0
28,kaimunlau,1.0
29,DisplayGFX,1.0
30,lacasian,1.0
31,ArcticSpaceFox,1.0
32,garymm,1.0
33,in2erval,1.0
34,etircopyh,1.0
35,diktomat,1.0
36,m-nolan,1.0
37,dead10ck,1.0
38,stevenxxiu,1.0
39,limjh16,1.0
40,mika-fischer,1.0
41,olivier-fs,1.0
42,tsujigiri,1.0
43,dalisoft,1.0
44,Sayanel01,1.0
45,nalmeida,1.0
46,soraxas,1.0
47,wangl-cc,1.0
48,cfal,1.0
49,Long-Tu,1.0
50,ejortegau,1.0
51,KSXGitHub,1.0
52,emarsk,1.0
53,oriongonza,1.0
54,ThomasAdam,1.0
55,Icelk,1.0
56,nelchael,1.0
57,jsnider-mtu,1.0
58,Embers-of-the-Fire,1.0
59,andrewrynhard,1.0
60,DavidH51200,1.0
61,woelfman,1.0
62,geri1701,1.0
63,muhac,1.0
64,SteveDevOps,1.0
65,Masber,1.0
66,bekicot,1.0
67,znmeb,1.0
68,ericbn,1.0
69,vigna,1.0
70,tomByrer,1.0
71,c33s,1.0
72,mheuvel-dev,1.0
73,fatso83,1.0
74,michohl,1.0
75,Igetin,1.0
76,jaspermayone,1.0
77,nim65s,1.0
78,sh4r1k7,1.0
79,mmng-a,1.0
80,Mythra,1.0
81,p00f,1.0
82,LitoMore,1.0
83,Aloso,1.0
84,sngo666,1.0
85,halcwb,1.0
86,fniko,1.0
87,mikan-megane,1.0
88,kamialie,1.0
89,bhagatparwinder,1.0
90,mhunsber,1.0
91,tryyoung,1.0
92,davidkvc,1.0
93,Reboot-Codes,1.0
94,crdiaz324,1.0
95,Josh-Jo1,1.0
96,TDH55,1.0
97,yacoob,1.0
98,fu050409,1.0
99,cboecking,1.0
100,AminurAlam,1.0
101,JooDye,1.0
102,mbainter,1.0
103,boanergies,1.0
104,Will-W,1.0
105,cutwater,1.0
106,DataHearth,1.0
107,carloscarval,1.0
108,Konfekt,1.0
109,arcnmx,1.0
110,BuggStream,1.0
111,texastoland,1.0
112,j-lakeman,1.0
113,basbebe,1.0
114,Integralist,1.0
115,gotjoshua,1.0
116,dsbert,1.0
117,IceSentry,1.0
118,tj-moody,1.0
119,svpace,1.0
120,logicbomb421,1.0
121,edubxb,1.0
122,Ben-PH,1.0
123,tsvikas,1.0
124,spf13,1.0
125,ahusby,1.0
126,tanmaychimurkar,1.0
127,wfdewith,1.0
128,br3ndonland,1.0
129,tungstengmd,1.0
130,oblivikun,1.0
131,Pika-Pool,1.0
132,CanvasofSpores,1.0
133,benruijl,1.0
134,rochdev,1.0
135,omegahm,1.0
136,jmgilman,1.0
137,lebensterben,1.0
138,xeho91,1.0
139,numToStr,1.0
140,koppor,1.0
141,EdBab,1.0
142,jcwilson,1.0
143,TomBaxter,1.0
144,saghm,1.0
145,yunielrc,1.0
146,nkoehring,1.0
147,Dich0tomy,1.0
148,aurexav,1.0
149,jRimbault,1.0
150,TeddyHuang-00,1.0
151,alesso-x,1.0
152,simonrouse9461,1.0
153,xxchan,1.0
154,onlyutkarsh,1.0
155,alephalpha0,1.0
156,LandonSchropp,1.0
157,CrawKatt,1.0
158,720720,1.0
159,m-aherron,1.0
160,NeodymiumFerBore,1.0
161,Ju42,1.0
162,Mithrandir2k18,1.0
163,Gestas,1.0
164,stevenwalton,1.0
165,aaron13223,1.0
166,doy,1.0
167,deanpcmad,1.0
168,hemna,1.0
169,sidmadala,1.0
170,switowski,1.0
171,nishantsikarwar,1.0
172,Pikabyte,1.0
173,FollowTheProcess,1.0
174,justinesmithies,1.0
175,Zikoel,1.0
176,lmcelhiney,1.0
177,benediktms,1.0
178,philippetev,1.0
179,nagromc,1.0
180,diminutivesloop,1.0
181,jorda0mega,1.0
182,chenyanchen,1.0
183,zfwf,1.0
184,koiralakiran1,1.0
185,NoahRoseLedesma,1.0
186,byjokese,1.0
187,ramki88,1.0
188,deekshithanand,1.0
189,chlopes,1.0
190,thefueley,1.0
191,brunobord,1.0
192,mjgritli,1.0
193,Asepsis,1.0
194,balki,1.0
195,breun,1.0
196,meetxinzhang,1.0
197,Calange,1.0
198,bertof,1.0
199,WilliamBy,1.0
200,jlau-ice,1.0
201,muuvmuuv,1.0
202,MCMaurer,1.0
203,rossburton,1.0
204,spkane,1.0
205,sschleemilch,1.0
206,hrqmonteiro,1.0
207,brian-arms,1.0
208,hiteshjoshi,1.0
209,GeorgePetri,1.0
210,elman22,1.0
211,kfrncs,1.0
212,CouldBeThis,1.0
213,owais,1.0
214,kuro337,1.0
215,strafe,1.0
216,Kore-rep,1.0
217,popshia,1.0
218,Narfinger,1.0
219,EdmundsEcho,1.0
220,adityapandeydev,1.0
221,Zhurik,1.0
222,Spitfire1900,1.0
223,JounQin,1.0
224,flw-cn,1.0
225,dbanetto,1.0
226,mmatthews06,1.0
227,tchajed,1.0
228,JenSeReal,1.0
229,derhuerst,1.0
230,Aataprian12,1.0
231,Swatinem,1.0
232,erickhavel,1.0
233,nitish771,1.0
234,bartkummel,1.0
235,jchook,1.0
236,radix,1.0
237,nsabovic,1.0
238,afranke,1.0
239,dylanandrews-stripe,1.0
240,wimpsical,1.0
241,Yves848,1.0
242,pc-fmarin,1.0
243,czrcbl,1.0
244,kkpattern,1.0
245,josephtole,1.0
246,AlwaysIngame,1.0
247,kaplanelad,1.0
248,tyler36,1.0
249,vspcoderz,1.0
250,Soryyyn,1.0
251,whosethink,1.0
252,inklesspen,1.0
253,jasongitmail,1.0
254,danmacode,1.0
255,makampf,1.0
256,jgato,1.0
257,shuber2,1.0
258,BlaineEXE,1.0
259,brw,1.0
260,bugficks,1.0
261,wahmedswl,1.0
262,QingyaoLin,1.0
263,pfranz,1.0
264,diegoholiveira,1.0
265,vandrw,1.0
266,jescalan,1.0
267,Person-93,1.0
268,herder,1.0
269,Emsu,1.0
270,amgcc,1.0
271,bric3,1.0
272,jrop,1.0
273,matthis-k,1.0
274,showhwa,1.0
275,esarella,1.0
276,daniekpo,1.0
277,nickwb,1.0
278,iaomw,1.0
279,teake,1.0
280,chilledfrogs,1.0
281,DrHyde,1.0
282,mountainlizard,1.0
283,NorfairKing,1.0
284,createchange,1.0
285,jcoetzee,1.0
286,dvbnrg,1.0
287,freelock,1.0
288,kdarkhan,1.0
289,krubenok,1.0
290,HamishWHC,1.0
291,dpatterbee,1.0
292,Ricky-Tigg,1.0
293,vsviridov,1.0
294,ekorchmar,1.0
295,NetRat88,1.0
296,valeratrades,1.0
297,therealprof,1.0
298,RicaBenhossi,1.0
299,ncautotest,1.0
300,mapkon,1.0
301,zepvalue,1.0
302,Gautham,1.0
303,jaklan,1.0
304,EtaoinWu,1.0
305,github-actions,1.0
306,benkeil,1.0
307,mfs,1.0
308,acarl005,1.0
309,e-cal,1.0
310,tribut,1.0
311,Soraph,1.0
312,Heychsea,1.0
313,pszlazak,1.0
314,nadavf24,1.0
315,apollusehs-devops,1.0
316,fv-ian,1.0
317,olets,1.0
318,dhrue-raja-foundry,1.0
319,jfrikker-shibumi,1.0
320,teancom,1.0
321,BasixKOR,1.0
322,SeanLatimer,1.0
323,dmi-dmi-dmi,1.0
324,gsacre,1.0
325,melroy89,1.0
326,danielwaltz,1.0
327,oblitum,1.0
328,OneComputerGuy,1.0
329,divmgl,1.0
330,h4-h,1.0
331,lilymara-onesignal,1.0
332,jainpratik163,1.0
333,hirak1984,1.0
334,AwesomeKids652,1.0
335,rouge8,1.0
336,hacklash,1.0
337,steve-sv,1.0
338,dhruvkb,1.0
339,weseven,1.0
340,TrickyPi,1.0
341,Leonardo-Gerling,1.0
342,Grafikart,1.0
343,erikhuizinga,1.0
344,AdrienLemaire,1.0
345,helpermethod,1.0
346,bartman,1.0
347,clbx,1.0
348,oaksisfolks,1.0
349,Machine-Maker,1.0
350,sshyran,1.0
351,struthio,1.0
352,Stupremee,1.0
353,jarkkojs,1.0
354,wm75,1.0
355,DaniD3v,1.0
356,sapristi,1.0
357,derekthecool,1.0
358,micah,1.0
359,fabienengels,1.0
360,bedge,1.0
361,mmj2023,1.0
362,badnetmask,1.0
363,AminulBD,1.0
364,jagdishadusumalli,1.0
365,strniko,1.0
366,JuanZer0,1.0
367,Smana,1.0
368,jakwings,1.0
369,mcmillion,1.0
370,lentzi90,1.0
371,Bicheng-G,1.0
372,cappyzawa,1.0
373,ekil1100,1.0
374,bvdeenen,1.0
375,jab,1.0
376,ndreas,1.0
377,levone1,1.0
378,nubunto,1.0
379,qstrahl,1.0
380,kuno,1.0
381,securisec,1.0
382,yooakim,1.0
383,Miuler,1.0
384,nunesgh,1.0
385,user583953,1.0
386,hood,1.0
387,mordy-python,1.0
388,jakobneufeld,1.0
389,JQiue,1.0
390,AlexAntonik,1.0
391,Snimm,1.0
392,AidanHarveyNelson,1.0
393,cybernd,1.0
394,yuantongkang,1.0
395,iamveritas,1.0
396,mazzy89,1.0
397,romabysen,1.0
398,CoreyVidal,1.0
399,xavdid,1.0
400,eastwood,1.0
401,christoph-blessing,1.0
402,seamus-45,1.0
403,wilbeibi,1.0
404,lilyball,1.0
405,andrewda,1.0
406,aut0,1.0
407,allen-liaoo,1.0
408,sandorex,1.0
409,mothsART,1.0
410,thenorili,1.0
411,Konubinix,1.0
412,spikespaz,1.0
413,rEnr3n,1.0
414,zs-dima,1.0
415,dmohns,1.0
416,q66,1.0
417,rich1e,1.0
418,dysbulic,1.0
419,marcoieni,1.0
420,tiffafoo,1.0
421,vorburger,1.0
422,dten,1.0
423,ProMix0,1.0
424,myang7,1.0
425,Halkcyon,1.0
426,markatto,1.0
427,luizkowalski,1.0
428,atuleu,1.0
429,nc7s,1.0
430,joedborg,1.0
431,segevfiner,1.0
432,Forbidden-A,1.0
433,jwezel,1.0
434,Spaceface16518,1.0
435,RNBermudez,1.0
436,joshuacox,1.0
437,quiltedstars,1.0
438,mborejdo,1.0
439,paigr,1.0
440,ajc,1.0
441,morphykuffour,1.0
442,lewisacidic,1.0
443,srouquette,1.0
444,coderdiaz,1.0
445,Jaffrez,1.0
446,eaglgenes101,1.0
447,affanshahid,1.0
448,jankatins,1.0
449,jpickwell,1.0
450,pedromfedricci,1.0
451,iguyking,1.0
452,alepinio,1.0
453,bluebyt,1.0
454,williamwebb,1.0
455,diego898,1.0
456,souhaiebtar,1.0
457,poorvajasathasivam,1.0
458,phiresky,1.0
459,liheinz,1.0
460,CarterLi,1.0
461,joshhhhyyyy,1.0
462,paddycarver,1.0
463,ryanpcmcquen,1.0
464,rustysys-dev,1.0
465,AA1999,1.0
466,nonetrix,1.0
467,j0el,1.0
468,oaimtiaz,1.0
469,kouhe3,1.0
470,mhalano,1.0
471,pinbraerts,1.0
472,brsanthu,1.0
473,yonkeltron,1.0
474,SinghaniaV,1.0
475,rhzs,1.0
476,NightMachinery,1.0
477,ddbtrmatic,1.0
478,VulumeCode,1.0
479,freijon,1.0
480,nullndr,1.0
481,esposm03,1.0
482,CmdrNorthpaw,1.0
483,alex0112,1.0
484,tkgalk,1.0
485,rbutoi,1.0
486,schrej,1.0
487,heyrict,1.0
488,tessus,1.0
489,tmpm697,1.0
490,DavidSSL,1.0
491,BuZZ-dEE,1.0
492,juliuswz,1.0
493,rothgar,1.0
494,Saya47,1.0
495,cubetastic33,1.0
496,rryan,1.0
497,kohenkatz,1.0
498,djc,1.0
499,gmaghera,1.0
500,Craftidore,1.0
501,zeenix,1.0
502,mantzas,1.0
503,phillies,1.0
504,beppler,1.0
505,Forza-tng,1.0
506,mngshm,1.0
507,leana8959,1.0
508,matchai,1.0
509,Ray-Eldath,1.0
510,dbeckwith,1.0
511,haoadoreorange,1.0
512,TsubasaKawajiri,1.0
513,matsdahlin,1.0
514,pluiedev,1.0
515,khuongduybui,1.0
516,FreeHarry,1.0
517,marier-nico,1.0
518,leexiaominghub,1.0
519,ThatRendle,1.0
520,ghostbuster91,1.0
521,zot,1.0
522,rafasoares,1.0
523,sghng,1.0
524,Pandademic,1.0
525,matthiasbeyer,1.0
526,behrangsa,1.0
527,fmaiabatista,1.0
528,recursiveribbons,1.0
529,xa888s,1.0
530,brianmay,1.0
531,rnnc,1.0
532,njordr,1.0
533,albertopasqualetto,1.0
534,ps173,1.0
535,psychvc,1.0
536,Erudition,1.0
537,akkadaya,1.0
538,ylor,1.0
539,peteromero,1.0
540,Pyblo,1.0
541,alper,1.0
542,ryz0rg,1.0
543,amyspark,1.0
544,janrito,1.0
545,bestagi,1.0
546,Davidferl,1.0
547,neerajnangireddy,1.0
548,bjeanes,1.0
549,anantajit,1.0
550,oteku,1.0
551,att55,1.0
552,grodin,1.0
553,talios,1.0
554,MurtadhaInit,1.0
555,atomi,1.0
556,ralyodio,1.0
557,dereckson,1.0
558,SushritPasupuleti,1.0
559,MeridianGH,1.0
560,eggcaker,1.0
561,LunarLambda,1.0
562,indigoviolet,1.0
563,pitoniak32,1.0
564,Arto-O,1.0
565,stefanobaghino-da,1.0
566,hongquan,1.0
567,adhadse,1.0
568,whateverforever,1.0
569,kevinkirkup,1.0
570,kakulukia,1.0
571,taybart,1.0
572,lberrymage,1.0
573,donifer,1.0
574,kapad,1.0
575,jonndailey,1.0
576,aravind-n,1.0
577,Shan-KulK,1.0
578,melink14,1.0
579,BVollmerhaus,1.0
580,Byron-Ding,1.0
581,igor-raits,1.0
582,kilokon,1.0
583,whi-tw,1.0
584,Autumnal-Joy,1.0
585,imranhasan871,1.0
586,AndrewGuenther,1.0
587,Hayashi-Yudai,1.0
588,leonard84,1.0
589,DanScharon,1.0
590,wtho,1.0
591,fold-squirrel,1.0
592,g2p,1.0
593,dineshba,1.0
594,kergoth,1.0
595,minhduc0711,1.0
596,clayauld,1.0
597,Hol1kgmg,1.0
598,jschuur,1.0
599,HymanZHAN,1.0
600,jtyler76,1.0
601,johnbchron,1.0
602,terminalmage,1.0
603,alerque,1.0
604,liby,1.0
605,youssef-mostafa1,1.0
606,JanPokorny,1.0
607,Multimo,1.0
608,varidm,1.0
609,tombh,1.0
610,peschkaj,1.0
611,CodeThomnics,1.0
612,danimesq,1.0
613,Efreak,1.0
614,TechClusterHQ,1.0
615,kdheepak,1.0
616,geozeke,1.0
617,cathaysia,1.0
618,mmuruev,1.0
619,0xinhua,1.0
620,ChasNelson1990,1.0
621,totikom,1.0
622,matthiaskrgr,1.0
623,Mr-Ao-Dragon,1.0
624,OmgImAlexis,1.0
625,joeky888,1.0
626,scottslowe,1.0
627,verdayne,1.0
628,johnmerchant,1.0
629,Tarang,1.0
630,Daydreamer-riri,1.0
631,Sciencentistguy,1.0
632,Jackaed,1.0
633,martensjostrand,1.0
634,Nazrulislam783,1.0
635,michel-slm,1.0
636,hriddhidey,1.0
637,sbushmanov,1.0
638,mrturcot,1.0
639,realguse,1.0
640,videbar,1.0
641,madonuko,1.0
642,xrunes,1.0
643,Bilge,1.0
644,chschmir,1.0
645,daniel-white,1.0
646,wael-sadek,1.0
647,WinteryFox,1.0
648,jzetterman,1.0
649,anthonyma94,1.0
650,tttanikawa,1.0
651,jim-barber-he,1.0
652,januz,1.0
653,necrose99,1.0
654,makerio90,1.0
655,rgeraskin,1.0
656,mgpinf,1.0
657,oeuftete,1.0
658,djdv,1.0
659,ccqpein,1.0
660,sgoudham,1.0
661,ngraef,1.0
662,nikoheikkila,1.0
663,vrinek,1.0
664,danilofuchs,1.0
665,peytondmurray,1.0
666,tushartgupta,1.0
667,taphill,1.0
668,japhir,1.0
669,MaximusPrimeForever,1.0
670,Adrian-Grimm,1.0
671,SPiCaRiA,1.0
672,make-github-pseudonymous-again,1.0
673,Rexhaif,1.0
674,lewisdiamond,1.0
675,vladimyr,1.0
676,bluskript,1.0
677,dmitry-minchuk,1.0
678,smithfred,1.0
679,mcgivrer,1.0
680,SuvanCheng,1.0
681,HofmannZ,1.0
682,rijojohn85,1.0
683,smorimoto,1.0
684,hyunsooda,1.0
685,jhilliker,1.0
686,ocelik94,1.0
687,its-19818942118,1.0
688,jsvensson,1.0
689,hivehand,1.0
690,thewh1teagle,1.0
691,kyoheiu,1.0
692,lil-skelly,1.0
693,eminence,1.0
694,gitpushforcemain,1.0
695,Ktoks,1.0
696,Vader699,1.0
697,catleeball,1.0
698,foo-dogsquared,1.0
699,jimblue,1.0
700,yutannihilation,1.0
701,mery6299,1.0
702,orefalo,1.0
703,Dietr1ch,1.0
704,mrichar1,1.0
705,TheGentleChainsaw,1.0
706,rpdelaney,1.0
707,J-Kappes,1.0
708,ilinvai,1.0
709,derethil,1.0
710,tkey91,1.0
711,namorzyny,1.0
712,037g,1.0
713,mmvanheusden,1.0
714,lorthirk,1.0
715,ndland,1.0
716,tylerbenson,1.0
717,sander2,1.0
718,khos2ow,1.0
719,eggbean,1.0
720,jakobnissen,1.0
721,mylo17,1.0
722,kevwil,1.0
723,0x0D15,1.0
724,nick5435,1.0
725,EliSauder,1.0
726,dspvvy,1.0
727,eriol,1.0
728,endrebak,1.0
729,PinguinLars,1.0
730,philn,1.0
731,ofek,1.0
732,nouritsu,1.0
733,leleliu008,1.0
734,zeten30,1.0
735,nedbat,1.0
736,Cielquan,1.0
737,petterhoel,1.0
738,lycheeje11y,1.0
739,erdnaxeli,1.0
740,martinsvensson-sonepar,1.0
741,kinchahoy,1.0
742,r-darwish,1.0
743,pedro-pereira-dev,1.0
744,rob83gh,1.0
745,xinxilas,1.0
746,ariasuni,1.0
747,TyPR124,1.0
748,antoniovuono,1.0
749,epage,1.0
750,thedodd,1.0
751,nathanscain,1.0
752,lopopolo,1.0
753,egvimo,1.0
754,pommepommee,1.0
755,gs-101,1.0
756,MarkusvonStaden,1.0
757,og900aero,1.0
758,lsq27,1.0
759,benvansleen,1.0
760,Livven,1.0
761,rchojn,1.0
762,Freaky,1.0
763,grimm26,1.0
764,gvelchuru,1.0
765,AlexandreBossard,1.0
766,domsleee,1.0
767,Nukecraft5419,1.0
768,that70schris,1.0
769,fredericrous,1.0
770,johnjohndoe,1.0
771,0xDones,1.0
772,marc0der,1.0
773,Astrantia,1.0
774,raffaem,1.0
775,pzelnip,1.0
776,huudatt02,1.0
777,italo-turing,1.0
778,kvnxiao,1.0
779,Vitruves,1.0
780,nullCommit,1.0
781,flashios09,1.0
782,ilium007,1.0
783,tlerbao,1.0
784,alesniak303,1.0
785,prashaathr,1.0
786,nikmennega,1.0
787,igor-petruk,1.0
788,zartc,1.0
789,florianb,1.0
790,ccmywish,1.0
791,nattadasu,1.0
792,princemaple,1.0
793,martinnormark,1.0
794,mfasman95,1.0
795,homburg,1.0
796,tkintscher,1.0
797,tur1ngb0x,1.0
798,sondrelg,1.0
799,ethanquix,1.0
800,tranzystorekk,1.0
801,Packjackisback,1.0
802,Lucretiel,1.0
803,philsinatra,1.0
804,jenwagn,1.0
805,mrclrchtr,1.0
806,archetyped,1.0
807,emorevival,1.0
808,ArtemChandragupta,1.0
809,starkers,1.0
810,mthmulders,1.0
811,DianaOlympos,1.0
812,ilmanzo,1.0
813,etrigan63,1.0
814,alexeygrant,1.0
815,malikoth,1.0
816,Yura52,1.0
817,Ch4ni,1.0
818,socketbox,1.0
819,SarthakSingh31,1.0
820,davisssamuel,1.0
821,Mossop,1.0
822,armlesshobo,1.0
823,QuentinHsu,1.0
824,cysabi,1.0
825,cogumbreiro,1.0
826,anoduck,1.0
827,rmarting,1.0
828,IThundxr,1.0
829,Derpitron,1.0
830,pydmy7,1.0
831,fuzzy,1.0
832,particledecay,1.0
833,taitep,1.0
834,cjellerRunbeck,1.0
835,Siddharth-Gandhi,1.0
836,npp127,1.0
837,AndreasBackx,1.0
838,21st-centuryman,1.0
839,feralnat19888,1.0
840,xulongwu4,1.0
841,alok,1.0
842,dcow,1.0
843,rhutch117,1.0
844,agude,1.0
845,libesz,1.0
846,legeana,1.0
847,sofiedotcafe,1.0
848,watersb,1.0
849,daadu,1.0
850,yunfachi,1.0
851,Snuggle,1.0
852,JasonEtco,1.0
853,SimonTheLeg,1.0
854,moonwitch,1.0
855,msfjarvis,1.0
856,NewtonChutney,1.0
857,yozhgoor,1.0
858,adamhamilton44,1.0
859,aduong,1.0
860,philipbordallo,1.0
861,DarkPark,1.0
862,julianneswinoga,1.0
863,godalming123,1.0
864,abonforti,1.0
865,gabebw,1.0
866,zapman449,1.0
867,wbrickner,1.0
868,ammnt,1.0
869,Dentrax,1.0
870,timothynn,1.0
871,der-daniel,1.0
872,fennewald,1.0
873,hwmrocker,1.0
874,as3ii,1.0
875,Prachitbooks,1.0
876,danrl,1.0
877,nazq,1.0
878,luciofstars,1.0
879,hectoruelo,1.0
880,malshunaef,1.0
881,aw1cks,1.0
882,Zesko,1.0
883,Dr-ZeeD,1.0
884,peng1999,1.0
885,lovesegfault,1.0
886,tgrelka,1.0
887,avysk,1.0
888,JulesdeCube,1.0
889,injust,1.0
890,alexdauenhauer,1.0
891,flovilmart,1.0
892,CSumm,1.0
893,Lockszmith-GH,1.0
894,bianchidotdev,1.0
895,NullVoxPopuli,1.0
896,madhur,1.0
897,nwaywood,1.0
898,NextAlone,1.0
899,techhazard,1.0
900,tisyang,1.0
901,JonasOlson,1.0
902,dkowis,1.0
903,DrPyser,1.0
904,dvsekhvalnov,1.0
905,iArmanKarimi,1.0
906,neyb,1.0
907,bfeitknecht,1.0
908,aftix,1.0
909,jimhigson,1.0
910,kettleofketchup,1.0
911,l-c-g,1.0
912,gregorni,1.0
913,dnet890,1.0
914,eagle-r,1.0
915,TahomaSoft,1.0
916,tiksn,1.0
917,komar007,1.0
918,caffeineflo,1.0
919,gnachman,1.0
920,wireinet,1.0
921,Kab1r,1.0
922,smashaal,1.0
923,bergercookie,1.0
924,jaikarans,1.0
925,aatifsyed,1.0
926,ryanjafari,1.0
927,keysmashes,1.0
928,chipbuster,1.0
929,danielbayley,1.0
930,romanlevin,1.0
931,folliehiyuki,1.0
932,karbica,1.0
933,acornejo,1.0
934,gustavoabel,1.0
935,Mgldvd,1.0
936,bpleonardo,1.0
937,thekorn87,1.0
938,joliss,1.0
939,Drllap,1.0
940,Lakbaypanahon,1.0
941,willdoescode,1.0
942,azone,1.0
943,chtenb,1.0
944,paraduxos,1.0
945,AlejandroSuero,1.0
946,cko-jimmy-wong,1.0
947,cawaltrip,1.0
948,jrjsmrtn,1.0
949,JediRhymeTrix,1.0
950,Ashvith10,1.0
951,Super-Pizza,1.0
952,cogwheel,1.0
953,G-Rath,1.0
954,ethnt,1.0
955,guillemglez,1.0
956,polymo1,1.0
957,TheSkyentist,1.0
958,AlexCzar,1.0
959,giard-alexandre,1.0
960,HenryC983,1.0
961,ubolonton,1.0
962,davidtwco,1.0
963,vmj,1.0
964,lubaroli,1.0
965,jjorissen52,1.0
966,mathomp4,1.0
967,tim77,1.0
968,amangalampalli,1.0
969,cardin,1.0
970,ya2s,1.0
971,MycrofD,1.0
972,NoraCodes,1.0
973,TheElegantCoding,1.0
974,michidk,1.0
975,jvanderen1,1.0
976,eikooc,1.0
977,pythoninthegrass,1.0
978,insysion,1.0
979,nimishbongale,1.0
980,noib3,1.0
981,fpiem,1.0
982,aarondill,1.0
983,conformist-mw,1.0
984,ksdrar,1.0
985,dgengtek,1.0
986,grossws,1.0
987,jaredmontoya,1.0
988,nerdroid23,1.0
989,MenacingPerson,1.0
990,srgvg,1.0
991,juru1234,1.0
992,radmen,1.0
993,JonathanLorimer,1.0
994,mtalexan,1.0
995,XiCesar83,1.0
996,ElSamhaa,1.0
997,lmichaudel,1.0
998,jkoshiel,1.0
999,marvingreenberg,1.0
1000,bbigras,1.0
1001,SongzhouYang,1.0
1002,bytepl,1.0
1003,samarth-na,1.0
1004,kidonng,1.0
1005,Eoghanmc22,1.0
1006,AbraxasDMG,1.0
1007,sailikpandey22,1.0
1008,glyh,1.0
1009,WhatzGames,1.0
1010,l0b0,1.0
1011,1999masih,1.0
1012,JUNGHUNKIM-7,1.0
1013,maddiemort,1.0
1014,jdevera,1.0
1015,pseudo-su,1.0
1016,clementd64,1.0
1017,jesseleite,1.0
1018,diraneyya,1.0
1019,dunmatt,1.0
1020,unphased,1.0
1021,Kritiqual,1.0
1022,virtuallyunknown,1.0
1023,ruzito,1.0
1024,PoiScript,1.0
1025,skyline75489,1.0
1026,sophiajt,1.0
1027,palotasb,1.0
1028,spease,1.0
1029,ShapedTime,1.0
1030,EvilsSouls,1.0
1031,philoserf,1.0
1032,daneah,1.0
1033,folexbrits,1.0
1034,antoine-gallix,1.0
1035,bennyk8y,1.0
1036,rashil2000,1.0
1037,atavistock,1.0
1038,AconCavy,1.0
1039,sagittarius-a,1.0
1040,gnukhaled,1.0
1041,regit,1.0
1042,JenuelDev,1.0
1043,Guergeiro,1.0
1044,jonian,1.0
1045,armcknight,1.0
1046,Micha-Btz,1.0
1047,edikus,1.0
1048,reflyable,1.0
1049,0xdeafbeef,1.0
1050,cinerea0,1.0
1051,max-niederman,1.0
1052,Simonf8,1.0
1053,iddm,1.0
1054,goggle,1.0
1055,john01dav,1.0
1056,palash25,1.0
1057,SingerWang,1.0
1058,fernan,1.0
1059,Kreyren,1.0
1060,elbkind,1.0
1061,KaiCodesWithGithub,1.0
1062,rayit,1.0
1063,vv9k,1.0
1064,GregTheGreek,1.0
1065,noambloom,1.0
1066,twirlse,1.0
1067,lianghx-319,1.0
1068,madstone0-0,1.0
1069,lx07,1.0
1070,niscolas,1.0
1071,Daniel15,1.0
1072,youssefhabri,1.0
1073,bgold09,1.0
1074,gulopine,1.0
1075,Coordinate-Cat,1.0
1076,carboncrystal,1.0
1077,BoiteuxL,1.0
1078,lolmaus,1.0
1079,TarunavBA,1.0
1080,farzadmf,1.0
1081,jameschensmith,1.0
1082,simonweil,1.0
1083,mredaelli,1.0
1084,shakilbd009,1.0
1085,qx-775,1.0
1086,fluentmoheshwar,1.0
1087,AnthonyPorthouse,1.0
1088,rdev32,1.0
1089,xav-ie,1.0
1090,cjw296,1.0
1091,rexydye,1.0
1092,VS-X,1.0
1093,j0ker70,1.0
1094,bmironer,1.0
1095,Vad1mo,1.0
1096,neeldug,1.0
1097,BKSalman,1.0
1098,taranlu-houzz,1.0
1099,re1,1.0
1100,otavio-silva,1.0
1101,msHanObject,1.0
1102,ZigTag,1.0
1103,m-haug,1.0
1104,lucasjinreal,1.0
1105,anguspiv,1.0
1106,enrico223,1.0
1107,mupkoo,1.0
1108,SethGower,1.0
1109,noraj,1.0
1110,Btocode,1.0
1111,prairir,1.0
1112,taflaj,1.0
1113,wolfisberg,1.0
1114,aguunu,1.0
1115,SichangHe,1.0
1116,expipiplus1,1.0
1117,JKatzwinkel,1.0
1118,Xdminsy,1.0
1119,st-schneider,1.0
1120,demilich1,1.0
1121,devEinpunk,1.0
1122,ryscu7,1.0
1123,exusiaiwei,1.0
1124,T3sT3ro,1.0
1125,chriskrycho,1.0
1126,hydr0nium,1.0
1127,GoncaloGarcia,1.0
1128,chillitom,1.0
1129,nathanielknight,1.0
1130,roguh,1.0
1131,grumble0,1.0
1132,kaushalyap,1.0
1133,Peter015,1.0
1134,ryuheechul,1.0
1135,squeaktoy,1.0
1136,mvolkmann,1.0
1137,mil-ad,1.0
1138,spiral-ladder,1.0
1139,Schweber,1.0
1140,onnyyonn,1.0
1141,daniel-liuzzi,1.0
1142,ntadej,1.0
1143,fgsch,1.0
1144,K2ouMais,1.0
1145,ajihyf,1.0
1146,brandonchinn178,1.0
1147,sourikghosh,1.0
1148,barraponto,1.0
1149,ybc37,1.0
1150,jamesainslie,1.0
1151,LuDreamst,1.0
1152,drmikehenry,1.0
1153,drrlvn,1.0
1154,ubuntupunk,1.0
1155,ianfabs,1.0
1156,GokhanPolat,1.0
1157,qub1750ul,1.0
1158,patrickjane,1.0
1159,xudyang1,1.0
1160,egh,1.0
1161,VenomFate-619,1.0
1162,kblissett,1.0
1163,jangorecki,1.0
1164,offbyone,1.0
1165,Super1Windcloud,1.0
1166,Arc676,1.0
1167,bhachech,1.0
1168,guykisel,1.0
1169,rluiten,1.0
1170,nickjer,1.0
1171,albertsj1,1.0
1172,plsnotracking,1.0
1173,joyofirony,1.0
1174,gaetschwartz,1.0
1175,arnimattr,1.0
1176,ajeetdsouza,1.0
1177,Hubro,1.0
1178,prkstaff,1.0
1179,shanesveller,1.0
1180,dancojocaru2000,1.0
1181,Lupus47,1.0
1182,dr-eme,1.0
1183,ChrisChinchilla,1.0
1184,ModProg,1.0
1185,Aleod-m,1.0
1186,Deimos308,1.0
1187,hwchen,1.0
1188,hadihammurabi,1.0
1189,Warfenix,1.0
1190,cfsmp3,1.0
1191,Southclaws,1.0
1192,karshPrime,1.0
1193,pbnj,1.0
1194,ExpandingMan,1.0
1195,rmarquis,1.0
1196,selfagency,1.0
1197,amomchilov,1.0
1198,jalaziz,1.0
1199,rlanore,1.0
1200,arjpeg,1.0
1201,rcjeferson,1.0
1202,IamRezaMousavi,1.0
1203,dimdin,1.0
1204,zrll12,1.0
1205,jsosulski,1.0
1206,nikolay,1.0
1207,mtoohey31,1.0
1208,lorens-osman-dev,1.0
1209,500-internal-server-error,1.0
1210,OlaoluwaM,1.0
1211,felipesere,1.0
1212,JP-Ellis,1.0
1213,kdurant,1.0
1214,dhnam,1.0
1215,jan-di,1.0
1216,konosubakonoakua,1.0
1217,christopher-tuttle,1.0
1218,devhindo,1.0
1219,jer3m01,1.0
1220,OpnSrcConstruction,1.0
1221,23ewrdtf,1.0
1222,playbahn,1.0
1223,quazar-omega,1.0
1224,sargunv,1.0
1225,hermes19,1.0
1226,dominikbraun,1.0
1227,TsekNet,1.0
1228,badsyntax,1.0
1229,trajano,1.0
1230,jeefberkey,1.0
1231,HeyItsGilbert,1.0
1232,mickimnet,1.0
1233,brodyh,1.0
1234,ghostcat1001001,1.0
1235,hden,1.0
1236,swpalmer,1.0
1237,LucEast,1.0
1238,alucryd,1.0
1239,ivanhercaz,1.0
1240,cospectrum,1.0
1241,IlanCosman,1.0
1242,bingoUV,1.0
1243,pmarreck,1.0
1244,AlexNomadrg,1.0
1245,NelsonMinar,1.0
1246,aaronkollasch,1.0
1247,sixtyfive,1.0
1248,adamshaylor,1.0
1249,alichtman,1.0
1250,felipeqq2,1.0
1251,philippewarren,1.0
1252,corneliusroemer,1.0
1253,L0V351CK,1.0
1254,Oxyriser,1.0
1255,dscottboggs,1.0
1256,zahimeen,1.0
1257,daftping,1.0
1258,warrenc5,1.0
1259,Jisu-Woniu,1.0
1260,pflegende,1.0
1261,9mdv,1.0
1262,liblaf,1.0
1263,a1b3rt,1.0
1264,RoyalFoxy,1.0
1265,astrale-sharp,1.0
1266,holyjak,1.0
1267,bird-dog,1.0
1268,ofrades,1.0
1269,sebakri,1.0
1270,barikata1984,1.0
1271,kaubu,1.0
1272,axiac,1.0
1273,maxwowpow,1.0
1274,scampi,1.0
1275,YangFong,1.0
1276,jasikpark,1.0
1277,ghostsquad,1.0
1278,mohityadav7,1.0
1279,scottwillmoore,1.0
1280,GameBurrow,1.0
1281,nexxai,1.0
1282,HenrikStanley,1.0
1283,KSaiAkshit,1.0
1284,sunil-9821,1.0
1285,CSpencerND,1.0
1286,rstoermer,1.0
1287,clmay,1.0
1288,MattOrmianek,1.0
1289,Siarune,1.0
1290,yanyongyu,1.0
1291,tracker1,1.0
1292,ryannewcomer,1.0
1293,gavinmcfall,1.0
1294,kjerstadius,1.0
1295,rpbaptist,1.0
1296,graysoncash,1.0
1297,nekocodeX,1.0
1298,plevold,1.0
1299,behrad1234,1.0
1300,25d96b,1.0
1301,Gorthog,1.0
1302,NickHackman,1.0
1303,CEbbinghaus,1.0
1304,sanblch,1.0
1305,mathroc,1.0
1306,jamesoff,1.0
1307,zQueal,1.0
1308,bknowles,1.0
1309,Tyler799,1.0
1310,scratchmex,1.0
1311,cheap-glitch,1.0
1312,onexbash,1.0
1313,pitbuster,1.0
1314,awebeer256,1.0
1315,Jasha10,1.0
1316,pgierz,1.0
1317,cultab,1.0
1318,torarvid,1.0
1319,anross,1.0
1320,Collision4468,1.0
1321,Lutitious,1.0
1322,brlin-tw,1.0
1323,cineq,1.0
1324,patriksvensson,1.0
1325,phipolis,1.0
1326,barryblando,1.0
1327,UniqueDing,1.0
1328,FPierre,1.0
1329,microlith57,1.0
1330,xeor,1.0
1331,Terria-K,1.0
1332,emres,1.0
1333,ngzhekai,1.0
1334,samuela,1.0
1335,BogSala,1.0
1336,elder-n00b,1.0
1337,skull-squadron,1.0
1338,Nicoloye,1.0
1339,micc83,1.0
1340,adrianstaniec,1.0
1341,bradleyfrank,1.0
1342,refact0r,1.0
1343,SCWR,1.0
1344,xaocon,1.0
1345,dorsiflexion,1.0
1346,weiren2,1.0
1347,zbrox,1.0
1348,thanhloc-17,1.0
1349,agzam,1.0
1350,stumueller,1.0
1351,klauern,1.0
1352,rjshrjndrn,1.0
1353,ksawerykarwacki,1.0
1354,drmikecrowe,1.0
1355,pblgomez,1.0
1356,ToyVo,1.0
1357,sherif-fanous,1.0
1358,Bhupesh-V,1.0
1359,Haegin,1.0
1360,zbraniecki,1.0
1361,frenkel,1.0
1362,RaitoBezarius,1.0
1363,AnsonT,1.0
1364,xS4TO,1.0
1365,siddharthkumarjha,1.0
1366,tsjazil,1.0
1367,luxlogica,1.0
1368,nagisa,1.0
1369,languitar,1.0
1370,jmfederico,1.0
1371,ameeno,1.0
1372,jceb,1.0
1373,GhostOrder28,1.0
1374,LionC,1.0
1375,AzureMarker,1.0
1376,jonahsnider,1.0
1377,kahirokunn,1.0
1378,marcofeltmann,1.0
1379,Sakura-Sv,1.0
1380,TechWiz-3,1.0
1381,tynguyen2k1,1.0
1382,pBouillon,1.0
1383,Rope-a-dope,1.0
1384,charlesrocket,1.0
1385,tomjn,1.0
1386,jacksonzamorano,1.0
1387,sanmue,1.0
1388,roland-5,1.0
1389,wtfzambo,1.0
1390,asklc,1.0
1391,basbossink,1.0
1392,JustJace1,1.0
1393,Piiikachu,1.0
1394,Nikola-Milovic,1.0
1395,ddmytrenko,1.0
1396,escapewindow,1.0
1397,doongjohn,1.0
1398,stampe99,1.0
1399,jerbaroo,1.0
1400,target111,1.0
1401,Byron,1.0
1402,anouarkappitou,1.0
1403,marthox,1.0
1404,YuvalNahon2,1.0
1405,unera,1.0
1406,ClementNerma,1.0
1407,jamielinux,1.0
1408,KevinGimbel,1.0
1409,UsairimIsani,1.0
1410,DestyNova,1.0
1411,pakoito,1.0
1412,lzm0,1.0
1413,kittenvr,1.0
1414,wlonkly,1.0
1415,Zoybean,1.0
1416,kawarimidoll,1.0
1417,Anticom,1.0
1418,Absolucy,1.0
1419,Bromeon,1.0
1420,gordboy,1.0
1421,dedguy21,1.0
1422,qryxip,1.0
1423,carlescufi,1.0
1424,Noghpu,1.0
1425,mhcolburn,1.0
1426,Skip2mahLooP,1.0
1427,bhearsum,1.0
1428,partrita,1.0
1429,mrvkino,1.0
1430,rafaScalet,1.0
1431,jawang35,1.0
1432,superbonaci,1.0
1433,orangecoloured,1.0
1434,yozachar,1.0
1435,thecodrr,1.0
1436,ealap,1.0
1437,fmobus,1.0
1438,rvdm,1.0
1439,derekacosta,1.0
1440,untainsYD,1.0
1441,tadhgboyle,1.0
1442,vuki656,1.0
1443,TheNumberOne,1.0
1444,kevinmehall,1.0
1445,asg0451,1.0
1446,ianzone,1.0
1447,keven-mate,1.0
1448,silvio,1.0
1449,IzhakJakov,1.0
1450,cig0,1.0
1451,parszab,1.0
1452,amiryal,1.0
1453,vikas027,1.0
1454,amerry,1.0
1455,LinusU,1.0
1456,budimanjojo,1.0
1457,dwt,1.0
1458,tigerinus,1.0
1459,jaudiger,1.0
1460,skeept,1.0
1461,clo4,1.0
1462,tomprince,1.0
1463,weeebdev,1.0
1464,blurhead,1.0
1465,jnunderwood,1.0
1466,alexmaco,1.0
1467,GimmeDataNow,1.0
1468,botsunny,1.0
1469,chirsz-ever,1.0
1470,ferreteleco,1.0
1471,aspieln3r,1.0
1472,ja1den,1.0
1473,heyajulia,1.0
1474,ins0mniaque,1.0
1475,WarDroid23,1.0
1476,ahmadnassri,1.0
1477,quantabox,1.0
1478,arthurzenika,1.0
1479,m0nhawk,1.0
1480,infused-kim,1.0
1481,Minkiu,1.0
1482,giggio,1.0
1483,genofire,1.0
1484,istudyatuni,1.0
1485,P4nda0s,1.0
1486,cynicsketch,1.0
1487,regulartim,1.0
1488,AzimMuradov,1.0
1489,jugmac00,1.0
1490,ariscript,1.0
1491,Certifieddonnie,1.0
1492,msix29,1.0
1493,keefetang,1.0
1494,helviett,1.0
1495,txk2048,1.0
1496,kensixx,1.0
1497,derekwood08,1.0
1498,deadcoder0904,1.0
1499,KhalilOuali,1.0
1500,yttriumz,1.0
1501,phuber92,1.0
1502,bb2k,1.0
1503,CLIDragon,1.0
1504,nogorilla,1.0
1505,fbruetting,1.0
1506,devraymondsh,1.0
1507,noomly,1.0
1508,gruvw,1.0
1509,majutsushi,1.0
1510,zaggash,1.0
1511,3tilley,1.0
1512,snowfoxsh,1.0
1513,QiBaobin,1.0
1514,lovelstn,1.0
1515,hampuslidin,1.0
1516,jeremywitte,1.0
1517,lihaoze123,1.0
1518,queensferryme,1.0
1519,nyxar77,1.0
1520,Chapien,1.0
1521,Tal500,1.0
1522,MohamedIrfanAM,1.0
1523,wardy3,1.0
1524,rsyring,1.0
1525,50uth,1.0
1526,lukeha98,1.0
1527,YeungKC,1.0
1528,lucasmarinb,1.0
1529,saenic,1.0
1530,slavox,1.0
1531,mre,1.0
1532,mbhall88,1.0
1533,boozook,1.0
1534,abilash2574,1.0
1535,electricduck,1.0
1536,harshavardhanc,1.0
1537,pinage404,1.0
1538,mbologna,1.0
1539,PaulSayantan,1.0
1540,castus,1.0
1541,yerbestpal,1.0
1542,hron,1.0
1543,sylvainmetayer,1.0
1544,simon-bachhuber,1.0
1545,0x3333,1.0
1546,hmenke,1.0
1547,TheRealLorenz,1.0
1548,ngmisl,1.0
1549,ybod,1.0
1550,max-sixty,1.0
1551,paulhey,1.0
1552,kboshold,1.0
1553,SlapBot,1.0
1554,microyahoo,1.0
1555,gwjo,1.0
1556,aarongable,1.0
1557,AmlanJSarmah,1.0
1558,arthur19q3,1.0
1559,TheHamkerCat,1.0
1560,huonw,1.0
1561,crisgarner,1.0
1562,hbednar,1.0
1563,cs102,1.0
1564,The-0Day,1.0
1565,carols10cents,1.0
1566,Hope2KZ,1.0
1567,derekmurawsky,1.0
1568,everyx,1.0
1569,rbpatt2019,1.0
1570,dessalines,1.0
1571,cupen,1.0
1572,expnn,1.0
1573,karambaq,1.0
1574,kherge,1.0
1575,matt-h,1.0
1576,g5becks,1.0
1577,leet0rz,1.0
1578,sheldonhull,1.0
1579,rogerdahl,1.0
1580,aarmn,1.0
1581,a8j8i8t8,1.0
1582,benblank,1.0
1583,franzudev,1.0
1584,neddey,1.0
1585,mchaput,1.0
1586,imnotpoz,1.0
1587,SystematicError,1.0
1588,kverstr,1.0
1589,jhecksonSa,1.0
1590,egirlcatnip,1.0
1591,damianpowell,1.0
1592,KGrzeg,1.0
1593,juliekoubova,1.0
1594,rsmidt,1.0
1595,anishkumar127,1.0
1596,chrisfair,1.0
1597,nhedger,1.0
1598,thesobercoder,1.0
1599,Xiyuer2198,1.0
1600,pyxelr,1.0
1601,bestgopher,1.0
1602,xobs,1.0
1603,kkrauth,1.0
1604,gaojr,1.0
1605,mentalblock,1.0
1606,caiopiccirillo,1.0
1607,algot,1.0
1608,gotounix,1.0
1609,simonc,1.0
1610,jletey,1.0
1611,JustinGrote,1.0
1612,dmitry-mightydevops,1.0
1613,Effiti,1.0
1614,vanilla-extracts,1.0
1615,autra,1.0
1616,DuncanHills,1.0
1617,guihkx,1.0
1618,deeepamin,1.0
1619,developer-guy,1.0
1620,fdncred,1.0
1621,leighmcculloch,1.0
1622,oknozor,1.0
1623,g0rdonL,1.0
1624,LawsonJohnson,1.0
1625,junosuarez,1.0
1626,DarlonHenrique,1.0
1627,adrienbrignon,1.0
1628,SquirrelEdison,1.0
1629,niwatoliver,1.0
1630,Sssssaltyfish,1.0
1631,NeevChandiramani,1.0
1632,12ohit,1.0
1633,Quantium,1.0
1634,Andygol,1.0
1635,andytom,1.0
1636,oesni,1.0
1637,Hofer-Julian,1.0
1638,DeeptangshuSaha,1.0
1639,corymhall,1.0
1640,ParthJadhav,1.0
1641,LPGhatguy,1.0
1642,LuckyTurtleDev,1.0
1643,Bluesboy,1.0
1644,pinpox,1.0
1645,OpenWaygate,1.0
1646,Aerogaming92,1.0
1647,wintervoid,1.0
1648,hdk5,1.0
1649,SubhamSatyajeet,1.0
1650,EvgenyOrekhov,1.0
1651,edufcarvalho,1.0
1652,ahaoboy,1.0
1653,mimoo,1.0
1654,breunouddanedeu,1.0
1655,KerfuffleV2,1.0
1656,Arjun31415,1.0
1657,astynax,1.0
1658,OmidEsmailbeig,1.0
1659,uchagani,1.0
1660,ninjarogue,1.0
1661,lwyw,1.0
1662,elrichuang,1.0
1663,adrianatrevinoe,1.0
1664,mms-pl,1.0
1665,serl,1.0
1666,mkpaz,1.0
1667,theSprog,1.0
1668,gianfelicevincenzo,1.0
1669,idanski,1.0
1670,nikelborm,1.0
1671,theAkito,1.0
1672,harrysarson,1.0
1673,Cube707,1.0
1674,yashLadha,1.0
1675,brandonkal,1.0
1676,colinlabs,1.0
1677,carljohnson93,1.0
1678,Overloader6,1.0
1679,Jiyuu,1.0
1680,nezaboravi,1.0
1681,rollcat,1.0
1682,svenjacobs,1.0
1683,tocklime,1.0
1684,felschr,1.0
1685,neuromancer85,1.0
1686,tjapro,1.0
1687,Pyrole-2002,1.0
1688,The-personified-devil,1.0
1689,remyleone,1.0
1690,xmnlp,1.0
1691,briandipalma,1.0
1692,neunenak,1.0
1693,misuzu,1.0
1694,jguhlin,1.0
1695,alexrecuenco,1.0
1696,lehmacdj,1.0
1697,ayushnix,1.0
1698,arosh,1.0
1699,AaronW-BE,1.0
1700,b3b00,1.0
1701,thisismygitrepo,1.0
1702,scott-maddox,1.0
1703,jkp,1.0
1704,lexpierce,1.0
1705,sjsepan3,1.0
1706,zodman,1.0
1707,RivenSkaye,1.0
1708,twobiers,1.0
1709,AbdulAlimMahir,1.0
1710,fslef,1.0
1711,shinokada,1.0
1712,Milo123459,1.0
1713,roosephu,1.0
1714,pabroux,1.0
1715,DiamondBar9,1.0
1716,chriskacerguis,1.0
1717,oransimhony,1.0
1718,ctcjab,1.0
1719,matt-FFFFFF,1.0
1720,HarrisonMc555,1.0
1721,RangerOverhaul,1.0
1722,Nemo157,1.0
1723,Jarmos-san,1.0
1724,juarezr,1.0
1725,Suryansh-Dey,1.0
1726,timvisee,1.0
1727,nbgibson,1.0
1728,yurivict,1.0
1729,BGOPC,1.0
1730,AaronM04,1.0
1731,jns4u,1.0
1732,florentinl,1.0
1733,Zooce,1.0
1734,santagada,1.0
1735,asymmetric,1.0
1736,M1cha,1.0
1737,timhughes,1.0
1738,dmccaffery,1.0
1739,Marin-Kitagawa,1.0
1740,thorstenkampe,1.0
1741,sbarzowski,1.0
1742,nitnelave,1.0
1743,fdigrego,1.0
1744,AnishDe12020,1.0
1745,emk,1.0
1746,Dimonoy,1.0
1747,baartosz,1.0
1748,xty,1.0
1749,EZTaylor,1.0
1750,vroad,1.0
1751,gimler,1.0
1752,deanhtid,1.0
1753,chrisgrieser,1.0
1754,jonathf,1.0
1755,rmeno12,1.0
1756,sbhal,1.0
1757,dougg0k,1.0
1758,gmariotti,1.0
1759,ram02z,1.0
1760,laterre39,1.0
1761,jessicah,1.0
1762,jtr109,1.0
1763,crdnb,1.0
1764,marekkon,1.0
1765,acarapetis,1.0
1766,ondrej-ivanko,1.0
1767,eisenhowerj,1.0
1768,TheJiahao,1.0
1769,vishrutarya,1.0
1770,rraafays,1.0
1771,osenvosem,1.0
1772,AngDrew,1.0
1773,cesarcoatl,1.0
1774,Blake-lol,1.0
1775,paulvt,1.0
1776,Infinidoge,1.0
1777,poliorcetics,1.0
1778,chrispyles,1.0
1779,andrewcrook,1.0
1780,Dalmater,1.0
1781,elkarouh,1.0
1782,13steinj,1.0
1783,leo91000,1.0
1784,bashar-515,1.0
1785,vsnthdev,1.0
1786,itpropro,1.0
1787,PrivatePuffin,1.0
1788,justaskz,1.0
1789,Mekk,1.0
1790,hazel-ocean,1.0
1791,a-hat,1.0
1792,bonds,1.0
1793,setpill,1.0
1794,adamchainz,1.0
1795,i-am-logger,1.0
1796,n0valis,1.0
1797,ArgentumCation,1.0
1798,thatguy7,1.0
1799,RoyRao2333,1.0
1800,jrwrigh,1.0
1801,lelutin,1.0
1802,hoop33,1.0
1803,luckman212,1.0
1804,saumyajyoti,1.0
1805,morning-start,1.0
1806,aniljava,1.0
1807,vladsirenko-gl,1.0
1808,liferooter,1.0
1809,evilbulgarian,1.0
1810,jacek-jablonski,1.0
1811,lotfollah,1.0
1812,pro-sumer,1.0
1813,Nosterx,1.0
1814,muescha,1.0
1815,convolutionbbs,1.0
1816,abukharov,1.0
1817,mikami520,1.0
1818,matiaskotlik,1.0
1819,pikeas,1.0
1820,andyearnshaw,1.0
1821,iamsauravsharma,1.0
1822,MithicSpirit,1.0
1823,Bobrokus,1.0
1824,yujqiao,1.0
1825,ucodery,1.0
1826,tarsiec,1.0
1827,Gonkers,1.0
1828,dragonraid,1.0
1829,mizuochi-hikaru,1.0
1830,player131007,1.0
1831,jiwidi,1.0
1832,bchatard,1.0
1833,pedro757,1.0
1834,simon-amadeus,1.0
1835,hrvoj3e,1.0
1836,t-mangoe,1.0
1837,weidenka,1.0
1838,emilio,1.0
1839,mirsella,1.0
1840,bestouff,1.0
1841,littleblack111,1.0
1842,Konstantin-Glukhov,1.0
1843,unindented,1.0
1844,Bbllaaddee,1.0
1845,manyet1k,1.0
1846,nurse-the-code,1.0
1847,lost22git,1.0
1848,sun2ot,1.0
1849,christianbundy,1.0
1850,angus-mri,1.0
1851,tas17,1.0
1852,Cyanide-1,1.0
1853,moritzreiter,1.0
1854,brianlow,1.0
1855,docwhat,1.0
1856,rogerl50,1.0
1857,bogenschlag,1.0
1858,trim21,1.0
1859,MarcoVitangeli,1.0
1860,dbarrosop,1.0
1861,kofany,1.0
1862,slouloudis,1.0
1863,michaelBelsanti,1.0
1864,albertosantini,1.0
1865,AtifChy,1.0
1866,ghuh,1.0
1867,Bahnschrift,1.0
1868,ket000,1.0
1869,hferreiro,1.0
1870,bazylhorsey,1.0
1871,ma3yta,1.0
1872,tomasaschan,1.0
1873,JackySu,1.0
1874,scott-parkhill,1.0
1875,tiann,1.0
1876,peterlobster,1.0
1877,patrick330602,1.0
1878,lousyd,1.0
1879,dannyneira,1.0
1880,qasimsk20,1.0
1881,excited-bore,1.0
1882,shinebayar-g,1.0
1883,comsoi,1.0
1884,xypnox,1.0
1885,nihaals,1.0
1886,davidkna,1.0
1887,ThatAnonyG,1.0
1888,svenstaro,1.0
1889,wadeduvall,1.0
1890,washanhanzi,1.0
1891,kwonoj,1.0
1892,TomJo2000,1.0
1893,0323pin,1.0
1894,ShamrockLee,1.0
1895,hronro,1.0
1896,erikweibust,1.0
1897,ftpd,1.0
1898,Me1m0th,1.0
1899,JudeLingan,1.0
1900,underrun,1.0
1901,kblin,1.0
1902,krxecs,1.0
