issue_author,closed_by
matchai,matchai
matchai,matchai
matchai,matchai
matchai,matchai
matchai,matchai
matchai,matchai
matchai,matchai
matchai,matchai
jletey,matchai
jletey,matchai
matchai,matchai
matchai,matchai
matchai,matchai
matchai,
matchai,
matchai,matchai
matchai,matchai
matchai,matchai
Snuggle,matchai
youssefhabri,matchai
matchai,matchai
jletey,jletey
Multimo,matchai
matchai,matchai
Snuggle,matchai
Snuggle,matchai
Snuggle,tiffafoo
matchai,matchai
chipbuster,matchai
matchai,matchai
chipbuster,matchai
chipbuster,chipbuster
pseudo-su,matchai
chipbuster,matchai
chipbuster,matchai
johnmerchant,matchai
matchai,chipbuster
oblitum,chipbuster
teancom,matchai
chipbuster,matchai
alichtman,chipbuster
ajihyf,matchai
jorda0mega,matchai
,matchai
chipbuster,matchai
matchai,chipbuster
,andytom
,matchai
mathomp4,chipbuster
saghm,chipbuster
bbigras,matchai
chipbuster,matchai
johnmerchant,chipbuster
lilyball,chipbuster
lilyball,matchai
lilyball,matchai
lilyball,andytom
TsubasaKawajiri,matchai
matchai,chipbuster
oblitum,chipbuster
jrop,chipbuster
bianchidotdev,chipbuster
chipbuster,matchai
mikan-megane,mikan-megane
oransimhony,matchai
steve-ross,chipbuster
iamsauravsharma,
oransimhony,tiffafoo
iamsauravsharma,
andytom,chipbuster
bbigras,chipbuster
agude,matchai
TsubasaKawajiri,matchai
yonkeltron,chipbuster
matchai,matchai
bbigras,chipbuster
dmohns,matchai
oblitum,matchai
chipbuster,chipbuster
qstrahl,matchai
kensixx,andytom
barryblando,barryblando
nikoheikkila,chipbuster
hadihammurabi,matchai
Haegin,matchai
gvelchuru,andytom
Dr-ZeeD,matchai
JonasOlson,matchai
matchai,matchai
drrlvn,matchai
r-darwish,matchai
igor-petruk,matchai
matchai,matchai
bhearsum,matchai
nickwb,matchai
chipbuster,chipbuster
slavox,chipbuster
g2p,chipbuster
Grafikart,
Hofer-Julian,chipbuster
mathomp4,matchai
jonndailey,andytom
jtr109,jtr109
chipbuster,
goggle,chipbuster
rEnr3n,andytom
Astrantia,chipbuster
tchajed,matchai
chipbuster,chipbuster
heyrict,chipbuster
donifer,chipbuster
Jiyuu,chipbuster
frenkel,frenkel
gvelchuru,chipbuster
nikolay,matchai
matchai,matchai
mre,matchai
ntadej,chipbuster
davidtwco,matchai
davidtwco,andytom
davidtwco,andytom
mathomp4,chipbuster
att55,att55
lilymara-onesignal,davidkna
hoop33,chipbuster
Swatinem,tiffafoo
scott-maddox,matchai
st-schneider,matchai
chirsz-ever,chipbuster
scott-maddox,chipbuster
cfal,cfal
teancom,teancom
nkoehring,matchai
matiaskotlik,chipbuster
re1,
chipbuster,matchai
phiresky,matchai
jeefberkey,chipbuster
genofire,chipbuster
genofire,matchai
Astrantia,chipbuster
timvisee,chipbuster
nickwb,andytom
qryxip,chipbuster
BVollmerhaus,andytom
atomi,chipbuster
Hofer-Julian,Hofer-Julian
brianlow,matchai
brianlow,matchai
dead10ck,matchai
nubunto,chipbuster
microlith57,microlith57
khuongduybui,matchai
genofire,matchai
matchai,matchai
matchai,matchai
matchai,matchai
matchai,matchai
matt-h,andytom
GeorgePetri,GeorgePetri
fbruetting,matchai
matchai,matchai
shanesveller,matchai
shanesveller,
mthmulders,matchai
mthmulders,matchai
tracker1,matchai
heyrict,heyrict
smorimoto,smorimoto
brunobord,matchai
dead10ck,matchai
tchajed,heyrict
ubolonton,matchai
zot,matchai
Yura52,heyrict
PoiScript,
1999masih,heyrict
cig0,cig0
matiaskotlik,
Southclaws,Southclaws
dead10ck,matchai
liheinz,matchai
pinage404,andytom
Xiyuer2198,Xiyuer2198
hongquan,
cfal,chipbuster
Calange,matchai
as3ii,andytom
pikeas,matchai
CSumm,matchai
rjshrjndrn,matchai
luxlogica,
kjerstadius,matchai
caffeineflo,andytom
heyrict,andytom
fniko,fniko
qryxip,chipbuster
mfasman95,davidkna
martensjostrand,
derhuerst,
freelock,
andytom,matchai
jsvensson,andytom
njordr,
idanski,andytom
endrebak,chipbuster
brunobord,andytom
lewisacidic,andytom
vigna,vigna
egh,matchai
amyspark,amyspark
jugmac00,matchai
vishrutarya,matchai
brianlow,andytom
brianlow,matchai
nagisa,andytom
lacasian,andytom
andrewda,
HofmannZ,matchai
jonahsnider,matchai
mredaelli,andytom
freelock,matchai
matchai,andytom
rbpatt2019,andytom
nikmennega,matchai
0xinhua,heyrict
whateverforever,andytom
kwonoj,matchai
mfs,matchai
igor-petruk,andytom
QiBaobin,QiBaobin
alichtman,matchai
lovesegfault,matchai
wtho,davidkna
alepinio,andytom
23ewrdtf,andytom
dbanetto,matchai
NoraCodes,chipbuster
r-darwish,matchai
HarrisonMc555,andytom
tim77,matchai
HarrisonMc555,
teake,matchai
jimblue,matchai
BuggStream,matchai
neunenak,
Hubro,davidkna
erikhuizinga,andytom
erikhuizinga,matchai
matchai,
armcknight,andytom
,matchai
mazzy89,mazzy89
hivehand,andytom
ybc37,matchai
txk2048,andytom
elman22,matchai
g0rdonL,
dalisoft,dalisoft
dten,matchai
dten,andytom
securisec,securisec
cjellerRunbeck,cjellerRunbeck
matchai,matchai
gmariotti,matchai
dominikbraun,dominikbraun
a-hat,chipbuster
dominikbraun,matchai
egh,egh
igor-raits,andytom
rogerdahl,
radix,andytom
iddm,matchai
adrienbrignon,matchai
nsabovic,matchai
radmen,matchai
cybernd,andytom
Soryyyn,matchai
yerbestpal,chipbuster
igor-raits,
thecodrr,andytom
tryyoung,matchai
justaskz,matchai
,
tracker1,tracker1
bric3,andytom
ivanhercaz,ivanhercaz
ivanhercaz,matchai
marcoieni,chipbuster
rhzs,matchai
olets,
paigr,andytom
make-github-pseudonymous-again,andytom
rryan,
owais,andytom
GoncaloGarcia,matchai
nsabovic,chipbuster
,andytom
rochdev,chipbuster
rochdev,andytom
rochdev,
tylerbenson,matchai
eriol,chipbuster
chipbuster,matchai
lovelstn,matchai
Mekk,andytom
Mekk,
make-github-pseudonymous-again,make-github-pseudonymous-again
edubxb,chipbuster
jorda0mega,jorda0mega
matchai,matchai
Mekk,
Mekk,andytom
Oxyriser,matchai
dvsekhvalnov,
Lucretiel,andytom
chipbuster,
chipbuster,
txk2048,matchai
lberrymage,davidkna
samuela,andytom
SimonTheLeg,andytom
Lucretiel,
hden,andytom
dpgeekzero,andytom
smorimoto,andytom
chipbuster,chipbuster
joeky888,
q66,matchai
sophiajt,sophiajt
harshavardhanc,matchai
asymmetric,asymmetric
0xdeafbeef,andytom
andytom,matchai
andytom,davidkna
behrangsa,matchai
ryuheechul,andytom
hronro,
albertsj1,albertsj1
cultab,matchai
Nemo157,andytom
Nemo157,
amyspark,amyspark
mbhall88,matchai
beppler,matchai
cig0,matchai
inklesspen,andytom
ZigTag,matchai
dereckson,chipbuster
BasixKOR,andytom
quantabox,andytom
ofrades,ofrades
jeremywitte,andytom
fabienengels,andytom
Southclaws,andytom
Daniel15,
Mythra,
esposm03,esposm03
mupkoo,mupkoo
bergercookie,andytom
VS-X,VS-X
niwatoliver,matchai
vrinek,matchai
tarsiec,tarsiec
niwatoliver,matchai
cysabi,matchai
languitar,andytom
zeten30,matchai
Livven,
HymanZHAN,HymanZHAN
juliuswz,chipbuster
mtoohey31,
jmfederico,andytom
lovesegfault,andytom
,
bird-dog,matchai
selfagency,andytom
ngraef,andytom
heyrict,matchai
andytom,matchai
rbutoi,andytom
fuzzy,andytom
matchai,matchai
sandorex,andytom
sandorex,heyrict
Adrian-Grimm,matchai
acornejo,matchai
andytom,andytom
chriskrycho,matchai
maddiemort,andytom
ylor,andytom
srgvg,matchai
edikus,edikus
g5becks,davidkna
andrewrynhard,matchai
sbarzowski,
,matchai
tombh,
djc,
alexmaco,andytom
mmuruev,andytom
alexmaco,matchai
DestyNova,andytom
vsnthdev,vsnthdev
helpermethod,
xulongwu4,
erikhuizinga,matchai
pbnj,davidkna
dalisoft,
sandorex,chipbuster
rcjeferson,andytom
coderdiaz,coderdiaz
pbnj,andytom
zaggash,matchai
watersb,davidkna
xeho91,andytom
patriksvensson,andytom
Systemcluster,tiffafoo
zapman449,zapman449
palash25,matchai
marekkon,
andytom,matchai
sandorex,davidkna
sandorex,sandorex
p00f,p00f
sandorex,matchai
marekkon,matchai
igor-raits,
andytom,andytom
uchagani,uchagani
rcjeferson,andytom
clo4,clo4
sophiajt,andytom
eastwood,eastwood
tiffafoo,
andytom,
RaitoBezarius,matchai
heyrict,andytom
mmng-a,matchai
basbebe,chipbuster
basbebe,andytom
johnjohndoe,chipbuster
particledecay,andytom
basbebe,
jackdorland,
anouarkappitou,anouarkappitou
emarsk,matchai
catleeball,
gnachman,gnachman
sandorex,chipbuster
yacoob,andytom
m0nhawk,m0nhawk
ramki88,davidkna
basbebe,
daniel-white,andytom
jonahsnider,andytom
EvgenyOrekhov,
selfagency,andytom
chriskacerguis,chipbuster
chipbuster,chipbuster
pikeas,chipbuster
pikeas,chipbuster
hwchen,matchai
sandorex,matchai
emres,emres
jaklan,andytom
SlapBot,andytom
ethanquix,heyrict
dimdin,andytom
talios,matchai
cardin,andytom
cardin,andytom
cardin,
cardin,andytom
fmaiabatista,andytom
heyrict,heyrict
bvdeenen,matchai
Bhupesh-V,matchai
SubhamSatyajeet,SubhamSatyajeet
olets,andytom
philipbordallo,andytom
limjh16,limjh16
emk,andytom
vandrw,andytom
arthurzenika,andytom
alex0112,alex0112
nogorilla,nogorilla
oteku,matchai
bbigras,andytom
lovesegfault,andytom
andytom,
andytom,matchai
AnthonyPorthouse,andytom
amerry,matchai
apollusehs-devops,
,
sixtyfive,andytom
Freaky,davidkna
kaushalyap,andytom
kakulukia,
necrose99,andytom
b3b00,andytom
developer-guy,developer-guy
developer-guy,andytom
matchai,matchai
ianfabs,andytom
JonathanLorimer,andytom
matchai,matchai
leexiaominghub,matchai
rpdelaney,andytom
Stupremee,andytom
davidkna,andytom
tchajed,tchajed
davidkna,chipbuster
offbyone,
offbyone,offbyone
offbyone,andytom
,matchai
andytom,matchai
andytom,andytom
numToStr,matchai
xaocon,matchai
davidkna,davidkna
WinteryFox,WinteryFox
LPGhatguy,andytom
EdBab,andytom
brsanthu,matchai
brsanthu,andytom
brsanthu,andytom
jsnider-mtu,jsnider-mtu
lousyd,matchai
romabysen,andytom
andytom,matchai
vsviridov,andytom
jawang35,andytom
ChrisChinchilla,chipbuster
dgengtek,andytom
andytom,matchai
jguhlin,andytom
iddm,andytom
guihkx,andytom
andytom,andytom
neeldug,matchai
Ray-Eldath,matchai
UsairimIsani,UsairimIsani
abukharov,andytom
nick5435,nick5435
Nosterx,
Prachitbooks,chipbuster
oaksisfolks,andytom
Dietr1ch,andytom
SarthakSingh31,
jRimbault,chipbuster
andytom,andytom
xypnox,andytom
Tarang,Tarang
AlexCzar,chipbuster
jimhigson,andytom
matchai,matchai
jerbaroo,andytom
kawarimidoll,andytom
ncautotest,
jescalan,jescalan
hiteshjoshi,andytom
segevfiner,chipbuster
segevfiner,andytom
NickHackman,NickHackman
micc83,micc83
alephalpha0,
santagada,
anguspiv,anguspiv
yunielrc,andytom
weidenka,andytom
xa888s,andytom
michel-slm,matchai
nhedger,nhedger
Spaceface16518,Spaceface16518
chilledfrogs,matchai
hampuslidin,matchai
hampuslidin,hampuslidin
badnetmask,
lexpierce,andytom
andytom,
jankatins,kidonng
jankatins,chipbuster
numToStr,andytom
Minkiu,andytom
vv9k,andytom
muuvmuuv,matchai
hacklash,davidkna
cogumbreiro,andytom
basbossink,matchai
switowski,andytom
noomly,noomly
srgvg,chipbuster
numToStr,andytom
,matchai
vsviridov,matchai
electricduck,andytom
atomi,atomi
yashLadha,matchai
khos2ow,khos2ow
ryanpcmcquen,matchai
minhduc0711,
oblitum,andytom
erikhuizinga,
KevinGimbel,matchai
unindented,unindented
ubuntupunk,andytom
rsmidt,
Quantium,andytom
kkrauth,andytom
peteromero,peteromero
developer-guy,davidkna
erikhuizinga,erikhuizinga
helviett,matchai
sandorex,sandorex
Gautham,andytom
aut0,matchai
Gautham,andytom
Hayashi-Yudai,matchai
thedodd,matchai
mbologna,andytom
aniljava,aniljava
mickimnet,matchai
saumyajyoti,chipbuster
justaskz,andytom
IlanCosman,
DavidSSL,DavidSSL
esarella,chipbuster
aduong,chipbuster
lotfollah,andytom
erdnaxeli,andytom
kakulukia,kakulukia
kakulukia,kakulukia
davidkvc,
developer-guy,andytom
palotasb,chipbuster
offbyone,andytom
offbyone,matchai
github-actions,chipbuster
jhilliker,andytom
sondrelg,andytom
folliehiyuki,andytom
harrysarson,harrysarson
kakulukia,andytom
docwhat,chipbuster
iamveritas,andytom
herder,herder
junosuarez,matchai
lexpierce,lexpierce
Adrian-Grimm,matchai
docwhat,
docwhat,andytom
docwhat,
yacoob,matchai
wardy3,andytom
jkp,andytom
regulartim,regulartim
souhaiebtar,souhaiebtar
cinerea0,matchai
hazel-ocean,hazel-ocean
expipiplus1,andytom
nalmeida,nalmeida
dkowis,dkowis
Dentrax,andytom
ram02z,andytom
dbeckwith,matchai
Halkcyon,chipbuster
yurivict,yurivict
xobs,xobs
Asepsis,Asepsis
benruijl,andytom
Nazrulislam783,matchai
chillitom,
Mgldvd,chipbuster
spf13,chipbuster
princemaple,princemaple
boozook,
matchai,andytom
crdnb,andytom
aarongable,andytom
dunmatt,andytom
sidmadala,sidmadala
sidmadala,andytom
patrick330602,andytom
jonian,andytom
ArcticSpaceFox,
mickimnet,andytom
keysmashes,matchai
krubenok,krubenok
sophiajt,matchai
onnyyonn,andytom
,andytom
keysmashes,
Milo123459,andytom
qryxip,andytom
ccmywish,ccmywish
ccmywish,
K2ouMais,chipbuster
nezaboravi,andytom
nimishbongale,chipbuster
Aloso,Aloso
Aloso,davidkna
Warfenix,
VulumeCode,VulumeCode
CodeThomnics,andytom
kfrncs,kfrncs
arjpeg,andytom
sagittarius-a,andytom
mentalblock,
dsbert,andytom
eisenhowerj,matchai
makampf,makampf
benediktms,benediktms
hrqmonteiro,hrqmonteiro
chipbuster,andytom
hmenke,
danielbayley,
tomprince,
e-cal,e-cal
willdoescode,willdoescode
willdoescode,davidkna
wilbeibi,chipbuster
chipbuster,andytom
dsbert,dsbert
ksdrar,andytom
heyajulia,heyajulia
trajano,andytom
yozachar,yozachar
mrvkino,
mjgritli,andytom
Siddharth-Gandhi,andytom
target111,target111
baartosz,baartosz
SethGower,SethGower
arnimattr,andytom
TheHamkerCat,TheHamkerCat
baoyachi,andytom
jakobneufeld,jakobneufeld
christianbundy,andytom
Micha-Btz,Micha-Btz
hron,hron
peng1999,
gaojr,matchai
lentzi90,lentzi90
trajano,matchai
JustinGrote,
Lakbaypanahon,mickimnet
Lakbaypanahon,mickimnet
dmitry-mightydevops,andytom
gianfelicevincenzo,gianfelicevincenzo
sourikghosh,andytom
gianfelicevincenzo,andytom
erikhuizinga,andytom
SCWR,andytom
andytom,andytom
pc-fmarin,andytom
astrale-sharp,davidkna
mbologna,
andytom,andytom
MithicSpirit,
SongzhouYang,SongzhouYang
mickimnet,matchai
sander2,andytom
omegahm,omegahm
basbebe,basbebe
basbebe,mickimnet
jns4u,jns4u
JustinGrote,andytom
cubetastic33,mickimnet
mickimnet,
nitish771,matchai
github-actions,matchai
marier-nico,
dnet890,matchai
fv-ian,fv-ian
iguyking,andytom
MithicSpirit,andytom
bbigras,
YeungKC,mickimnet
soraxas,mickimnet
andytom,
dalisoft,mickimnet
BlaineEXE,
thorstenkampe,davidkna
dalisoft,andytom
soraxas,andytom
FPierre,FPierre
Absolucy,Absolucy
LitoMore,
dmccaffery,chipbuster
eugenesvk,andytom
convolutionbbs,davidkna
CoreyVidal,davidkna
adamchainz,
adamchainz,andytom
eugenesvk,
eugenesvk,andytom
G-Rath,matchai
wlonkly,andytom
mcmillion,davidkna
Heychsea,andytom
trajano,matchai
Zikoel,Zikoel
peschkaj,matchai
TsekNet,davidkna
kvnxiao,matchai
farzadmf,
m-nolan,m-nolan
fennewald,fennewald
Hubro,
gwjo,
lx07,matchai
AzimMuradov,
rollcat,
doongjohn,matchai
fredericrous,
mantzas,andytom
,
ghostsquad,davidkna
iguyking,
Milo123459,Milo123459
Milo123459,andytom
tgrelka,davidkna
andytom,matchai
wahmedswl,andytom
eugenesvk,andytom
mborejdo,andytom
jceb,matchai
Forbidden-A,Forbidden-A
HamishWHC,HamishWHC
lianghx-319,davidkna
shuber2,
j0ker70,davidkna
noib3,chipbuster
rluiten,davidkna
SingerWang,chipbuster
erickhavel,andytom
wbrickner,chipbuster
bestouff,
vikas027,andytom
Konubinix,Konubinix
,chipbuster
huonw,
LinusU,davidkna
mchaput,mchaput
tkgalk,matchai
cheap-glitch,matchai
alesniak303,davidkna
danilofuchs,chipbuster
github-actions,davidkna
mchaput,andytom
Effiti,chipbuster
dmccaffery,
taranlu-houzz,davidkna
danrl,
Guergeiro,andytom
etircopyh,
Milo123459,Milo123459
hemna,chipbuster
jnunderwood,davidkna
vladimyr,matchai
dmccaffery,andytom
taranlu-houzz,
edufcarvalho,edufcarvalho
Icelk,kidonng
kevinkirkup,andytom
bluskript,davidkna
melroy89,andytom
chrisfair,andytom
ToyVo,andytom
strafe,
matchai,
jonahsnider,andytom
Milo123459,
asklc,davidkna
tsujigiri,tsujigiri
noambloom,noambloom
iznogoud-zz,iznogoud-zz
AaronM04,vladimyr
weeebdev,weeebdev
a8j8i8t8,
rouge8,matchai
KerfuffleV2,davidkna
rustysys-dev,
hdk5,
ealap,
heyajulia,chipbuster
cfsmp3,matchai
philoserf,philoserf
LinusU,matchai
davidkna,davidkna
trajano,
felipesere,davidkna
alucryd,alucryd
ammnt,matchai
trajano,andytom
The-personified-devil,The-personified-devil
tjapro,andytom
agzam,andytom
osenvosem,andytom
ondrej-ivanko,ondrej-ivanko
holyjak,holyjak
shinokada,shinokada
rEnr3n,rEnr3n
egvimo,andytom
grossws,matchai
socketbox,andytom
rashil2000,andytom
Gestas,
Gestas,
andytom,andytom
liferooter,liferooter
adamshaylor,andytom
MohamedIrfanAM,MohamedIrfanAM
adamshaylor,andytom
hirak1984,
zfwf,andytom
holyjak,holyjak
JanPokorny,
chipbuster,davidkna
folliehiyuki,andytom
scampi,scampi
andytom,andytom
alok,andytom
dmitry-mightydevops,andytom
alesso-x,alesso-x
skyline75489,chipbuster
derekacosta,kidonng
daniel-white,andytom
t-mangoe,matchai
Gorthog,andytom
andytom,andytom
matthiasbeyer,matthiasbeyer
matthiasbeyer,andytom
kidonng,kidonng
kidonng,kidonng
ThatRendle,chipbuster
M1cha,andytom
egvimo,andytom
kidonng,
kidonng,kidonng
lkonya,davidkna
chlopes,davidkna
kidonng,
yurivict,davidkna
fdigrego,matchai
xaocon,xaocon
queensferryme,queensferryme
thorstenkampe,matchai
romanlevin,andytom
prkstaff,vladimyr
pseudo-su,andytom
msHanObject,msHanObject
qx-775,
jjorissen52,davidkna
wolfisberg,vladimyr
spkane,
kevwil,kevwil
ndreas,andytom
armlesshobo,
youssef-mostafa1,vladimyr
trim21,andytom
JasonEtco,
jdevera,kidonng
trim21,matchai
hrqmonteiro,hrqmonteiro
nekocodeX,davidkna
jonahsnider,
JounQin,JounQin
nonetrix,nonetrix
zbrox,zbrox
brian-arms,brian-arms
logicbomb421,
nedbat,matchai
orangecoloured,matchai
melink14,
jiwidi,
orangecoloured,kidonng
keysmashes,davidkna
trajano,trajano
OpnSrcConstruction,OpnSrcConstruction
giggio,andytom
AnsonT,AnsonT
AzureMarker,AzureMarker
Kreyren,davidkna
anishkumar127,anishkumar127
ninjarogue,davidkna
kblin,kblin
ahusby,matchai
Dentrax,Dentrax
conformist-mw,conformist-mw
bertof,bertof
mathroc,andytom
gordboy,
Kab1r,
CmdrNorthpaw,
Aleod-m,Aleod-m
marcofeltmann,matchai
13steinj,davidkna
mhalano,kidonng
lwyw,matchai
tjapro,matchai
tjapro,
bhachech,bhachech
,matchai
alex0112,alex0112
lebensterben,andytom
,matchai
jakobnissen,jakobnissen
kidonng,
superbonaci,andytom
QuentinHsu,matchai
,andytom
,andytom
terminalmage,
devraymondsh,andytom
smithfred,kidonng
,davidkna
github-actions,andytom
pseudo-su,matchai
oknozor,davidkna
dpatterbee,andytom
prairir,andytom
superbonaci,kidonng
superbonaci,chipbuster
czrcbl,czrcbl
felipeqq2,chipbuster
037g,andytom
socketbox,andytom
oeuftete,chipbuster
FollowTheProcess,andytom
taphill,taphill
badsyntax,matchai
SuvanCheng,andytom
Sakura-Sv,
zahimeen,andytom
DarlonHenrique,DarlonHenrique
vroad,
Bbllaaddee,Bbllaaddee
GregTheGreek,GregTheGreek
lilyball,
nwaywood,nwaywood
nwaywood,kidonng
onlyutkarsh,onlyutkarsh
lilyball,andytom
mordy-python,kidonng
lilyball,
lilyball,
lilyball,andytom
lilyball,matchai
lilyball,matchai
lilyball,
lilyball,davidkna
lilyball,matchai
lilyball,
lilyball,andytom
lilyball,andytom
sapristi,andytom
ruzito,
pinpox,andytom
lilyball,andytom
lilyball,
superbonaci,
vuki656,
deadcoder0904,chipbuster
spkane,spkane
dcow,davidkna
tocklime,matchai
lilyball,
tsjazil,matchai
italo-turing,davidkna
zeenix,
matchai,
amangalampalli,amangalampalli
Jarmos-san,Jarmos-san
totikom,
egvimo,andytom
muuvmuuv,muuvmuuv
dmitry-minchuk,andytom
andytom,matchai
AwesomeKids652,andytom
ayushnix,andytom
superbonaci,
ExpandingMan,
rothgar,andytom
JediRhymeTrix,JediRhymeTrix
Leonardo-Gerling,
egvimo,egvimo
rashil2000,
lilyball,matchai
lilyball,
lilyball,andytom
make-github-pseudonymous-again,
whosethink,whosethink
wfdewith,
lilyball,
SteveDevOps,SteveDevOps
bradleyfrank,matchai
ExpandingMan,chipbuster
tiann,tiann
ma3yta,
chipbuster,chipbuster
derekwood08,chipbuster
aw1cks,andytom
aw1cks,andytom
ThomasAdam,andytom
blurhead,blurhead
tyler36,andytom
rashil2000,chipbuster
hyunsooda,matchai
The-0Day,davidkna
jameschensmith,
plevold,andytom
Kritiqual,Kritiqual
make-github-pseudonymous-again,chipbuster
woelfman,woelfman
PaulSayantan,PaulSayantan
tomasaschan,chipbuster
flovilmart,chipbuster
tracker1,andytom
ps173,andytom
adrien-berchet,adrien-berchet
mmatthews06,andytom
mmatthews06,chipbuster
ya2s,chipbuster
JenuelDev,JenuelDev
max-sixty,
segevfiner,davidkna
ModProg,
jer3m01,andytom
github-actions,chipbuster
github-actions,andytom
ma3yta,andytom
alper,matchai
geri1701,geri1701
keven-mate,keven-mate
GokhanPolat,davidkna
underrun,matchai
underrun,
underrun,andytom
github-actions,davidkna
github-actions,davidkna
abilash2574,
everyx,andytom
Jasha10,chipbuster
joshhhhyyyy,
GameBurrow,GameBurrow
tynguyen2k1,davidkna
esoterick,
Aleod-m,Aleod-m
spease,matchai
aurexav,andytom
moonwitch,
twirrim,davidkna
Pandademic,matchai
fpiem,
JenSeReal,davidkna
der-daniel,davidkna
JuanZer0,JuanZer0
ericbn,andytom
jamesoff,chipbuster
eggbean,
Infinidoge,chipbuster
struthio,
aspieln3r,andytom
carols10cents,carols10cents
haoadoreorange,
homburg,homburg
segevfiner,davidkna
segevfiner,
fgsch,
aatifsyed,
in2erval,
chrisgrieser,chrisgrieser
AlecRust,
,andytom
segevfiner,andytom
thewh1teagle,davidkna
Long-Tu,andytom
Sayanel01,
MenacingPerson,
michidk,andytom
lopopolo,davidkna
danimesq,chipbuster
OmgImAlexis,chipbuster
danimesq,matchai
chipbuster,chipbuster
arcnmx,
timhughes,timhughes
SystematicError,andytom
mhcolburn,andytom
jamesainslie,andytom
Vader699,
,davidkna
ryanjafari,andytom
mika-fischer,davidkna
NextAlone,
rpdelaney,
cko-jimmy-wong,cko-jimmy-wong
shinokada,shinokada
kherge,andytom
TarunavBA,andytom
chipbuster,
daadu,matchai
mantzas,mantzas
jainpratik163,matchai
tiksn,
Milo123459,chipbuster
chipbuster,
divmgl,divmgl
popshia,popshia
segevfiner,davidkna
chipbuster,andytom
mohityadav7,chipbuster
gruvw,chipbuster
Aerogaming92,Aerogaming92
Aerogaming92,andytom
shakilbd009,matchai
jwezel,jwezel
deekshithanand,davidkna
DiamondBar9,DiamondBar9
lilyball,davidkna
steve-sv,andytom
gmaghera,
segevfiner,davidkna
daniel-white,
lilyball,andytom
Shan-KulK,andytom
QingyaoLin,
0323pin,andytom
lilyball,chipbuster
twirlse,davidkna
cesarcoatl,matchai
leleliu008,davidkna
jrwrigh,davidkna
Milo123459,Milo123459
LuckyTurtleDev,
AndrewGuenther,
jcoetzee,andytom
ammnt,ammnt
morphykuffour,andytom
MarcoVitangeli,andytom
nerdroid23,matchai
matchai,
levone1,chipbuster
levone1,levone1
mgpinf,mgpinf
mylo17,davidkna
jainpratik163,andytom
Lutitious,
chipbuster,chipbuster
joliss,
chipbuster,andytom
TrickyPi,chipbuster
hrvoj3e,
unphased,unphased
gimler,
CLIDragon,matchai
eikooc,eikooc
wtfzambo,
CLIDragon,CLIDragon
CLIDragon,andytom
vorburger,davidkna
vzcrab,
philippetev,
DanScharon,
elder-n00b,andytom
Dentrax,andytom
chipbuster,andytom
eisenhowerj,eisenhowerj
npp127,davidkna
Overloader6,Overloader6
paraduxos,davidkna
twirrim,
glyh,
carljohnson93,carljohnson93
lilyball,matchai
yutannihilation,matchai
bazylhorsey,bazylhorsey
segevfiner,davidkna
hferreiro,davidkna
videbar,videbar
gulopine,gulopine
thefueley,thefueley
MithicSpirit,
thorstenkampe,matchai
,
VenomFate-619,VenomFate-619
godalming123,
taranlu-houzz,
leo91000,davidkna
kuno,andytom
OmidEsmailbeig,OmidEsmailbeig
botsunny,andytom
chrisgrieser,chipbuster
jan-di,davidkna
daneah,
Super-Pizza,Super-Pizza
Efreak,
carljohnson93,carljohnson93
matsdahlin,
mngshm,
TeddyHuang-00,davidkna
DianaOlympos,DianaOlympos
mbainter,
flw-cn,
dhruvkb,dhruvkb
nathanscain,andytom
,matchai
yuantongkang,andytom
liby,liby
LawsonJohnson,
clbx,andytom
matchai,
,matchai
martinnormark,martinnormark
whi-tw,whi-tw
xinxilas,
Yves848,davidkna
marc0der,
philippetev,davidkna
liby,davidkna
eggbean,andytom
Milo123459,Milo123459
tttanikawa,andytom
tkey91,davidkna
tkey91,davidkna
tkey91,davidkna
tkey91,matchai
matchai,davidkna
nunesgh,chipbuster
CouldBeThis,matchai
matchai,davidkna
chipbuster,matchai
davidkna,
paulvt,andytom
ameeno,andytom
yurivict,davidkna
briandipalma,chipbuster
chipbuster,chipbuster
kyoheiu,kyoheiu
muuvmuuv,
pszlazak,pszlazak
0x3333,0x3333
0x3333,
makerio90,
brw,brw
ins0mniaque,andytom
IzhakJakov,matchai
liby,matchai
trajano,andytom
jakwings,andytom
florianb,andytom
bchatard,
gitpushforcemain,
dragonraid,andytom
SichangHe,SichangHe
chipbuster,
FlyinPancake,FlyinPancake
luizkowalski,
libesz,libesz
thenorili,
jchook,
ariasuni,matchai
RangerOverhaul,RangerOverhaul
Coordinate-Cat,matchai
drmikecrowe,davidkna
jessicah,
jessicah,jessicah
mvolkmann,mvolkmann
tkintscher,andytom
john01dav,
ariasuni,davidkna
matchai,davidkna
lexpierce,
simonweil,simonweil
benkeil,
christoph-blessing,andytom
DrHyde,
justinesmithies,justinesmithies
Pika-Pool,
grimm26,andytom
createchange,andytom
YangFong,chipbuster
roosephu,davidkna
chtenb,davidkna
lehmacdj,lehmacdj
chtenb,
Pika-Pool,
DrPyser,andytom
diegoholiveira,davidkna
alexdauenhauer,davidkna
jschuur,jschuur
grumble0,
HenrikStanley,HenrikStanley
matchai,
atavistock,
crisgarner,
jainpratik163,andytom
TeddyHuang-00,TeddyHuang-00
lsq27,
davidkna,davidkna
microyahoo,matchai
sanblch,matchai
guillemglez,guillemglez
Integralist,andytom
stefanobaghino-da,davidkna
xS4TO,xS4TO
P4nda0s,chipbuster
pyxelr,
pyxelr,chipbuster
JanPokorny,JanPokorny
KGrzeg,davidkna
meetxinzhang,meetxinzhang
epage,davidkna
yurivict,yurivict
janrito,matchai
nathanielknight,
chipbuster,andytom
oesni,
zQueal,zQueal
nathanscain,andytom
TechWiz-3,davidkna
ariasuni,matchai
FollowTheProcess,andytom
sherif-fanous,
github-actions,matchai
lorthirk,lorthirk
chipbuster,
kevinmehall,
poliorcetics,
felschr,felschr
yozhgoor,andytom
Nemo157,
zbraniecki,davidkna
dnet890,andytom
Milo123459,
dylanandrews-stripe,dylanandrews-stripe
AndreasBackx,
TyPR124,andytom
foo-dogsquared,andytom
peterlobster,
TsekNet,
dorsiflexion,
simonrouse9461,davidkna
Qpp0,Qpp0
matchai,davidkna
stevenxxiu,
adrianstaniec,davidkna
DrHyde,davidkna
,
ElSamhaa,
rob83gh,matchai
mmvanheusden,mmvanheusden
lubaroli,lubaroli
xudyang1,xudyang1
Autumnal-Joy,andytom
gsacre,andytom
hectoruelo,davidkna
jrwrigh,
kilokon,kilokon
AnishDe12020,andytom
Reboot-Codes,andytom
kakulukia,matchai
jsosulski,andytom
tjapro,chipbuster
0323pin,0323pin
Nicoloye,andytom
AconCavy,andytom
philippetev,
simonrouse9461,davidkna
dmi-dmi-dmi,dmi-dmi-dmi
jalaziz,davidkna
simonrouse9461,simonrouse9461
majutsushi,davidkna
simonrouse9461,
Byron,davidkna
simonrouse9461,
simonrouse9461,simonrouse9461
tranzystorekk,matchai
ftpd,
bekicot,andytom
arthurzenika,matchai
dylanandrews-stripe,dylanandrews-stripe
ajeetdsouza,
ocelik94,ocelik94
MithicSpirit,chipbuster
segevfiner,andytom
cupen,andytom
juarezr,
lucasmarinb,andytom
nishantsikarwar,nishantsikarwar
lil-skelly,andytom
Sciencentistguy,
pblgomez,andytom
affanshahid,andytom
that70schris,that70schris
HenrikStanley,
Pyrole-2002,Pyrole-2002
mrturcot,davidkna
ThatAnonyG,andytom
clmay,clmay
niscolas,niscolas
xavdid,
twobiers,
kdheepak,
dbarrosop,andytom
Zoybean,
emorevival,emorevival
AbraxasDMG,matchai
L0V351CK,L0V351CK
fangykai,andytom
AlwaysIngame,AlwaysIngame
rayit,andytom
kvnxiao,
Integralist,
,
techhazard,
Milo123459,matchai
imranhasan871,davidkna
TDH55,TDH55
MCMaurer,andytom
github-actions,davidkna
simonc,andytom
lmichaudel,lmichaudel
arthurzenika,andytom
davidkna,andytom
matthiaskrgr,davidkna
sschleemilch,
paulhey,davidkna
olivier-fs,olivier-fs
sschleemilch,sschleemilch
neuromancer85,neuromancer85
simonc,simonc
eggbean,davidkna
twobiers,andytom
github-actions,davidkna
ccqpein,davidkna
BGOPC,BGOPC
namorzyny,
alexdauenhauer,alexdauenhauer
Dalmater,
ket000,andytom
myang7,myang7
yooakim,davidkna
leonard84,
rhutch117,rhutch117
archetyped,davidkna
corneliusroemer,davidkna
corneliusroemer,
m-haug,andytom
kaplanelad,
philippewarren,philippewarren
misuzu,davidkna
atavistock,
j0el,andytom
NelsonMinar,andytom
AmlanJSarmah,AmlanJSarmah
nexxai,nexxai
pgierz,pgierz
silvio,
zepvalue,zepvalue
spikespaz,
eaingaran,eaingaran
Smana,Smana
superbonaci,
sshyran,matchai
BKSalman,BKSalman
spiral-ladder,spiral-ladder
rnnc,rnnc
scratchmex,scratchmex
gotounix,
NorfairKing,
clayauld,
dalisoft,davidkna
benvansleen,
mkpaz,mkpaz
fmobus,
moritzreiter,andytom
grimm26,grimm26
sylvainmetayer,andytom
karbica,
aarmn,
rgeraskin,
lucasjinreal,davidkna
j0ker70,j0ker70
scottslowe,davidkna
yujqiao,andytom
KaiCodesWithGithub,andytom
Marin-Kitagawa,andytom
indigoviolet,andytom
TomBaxter,davidkna
benblank,andytom
benblank,
giggio,
lukeha98,andytom
ParthJadhav,ParthJadhav
mms-pl,andytom
carlescufi,davidkna
boanergies,boanergies
verdayne,verdayne
insysion,insysion
markatto,andytom
madstone0-0,madstone0-0
demilich1,
wangl-cc,andytom
YuvalNahon2,andytom
dancojocaru2000,
m-wells,
regit,
ofek,davidkna
ShamrockLee,chipbuster
sgoudham,sgoudham
chipbuster,davidkna
joedborg,andytom
Terria-K,Terria-K
grimm26,
manyet1k,
raffaem,andytom
ariscript,
brlin-tw,davidkna
brlin-tw,chipbuster
kamialie,
manyet1k,davidkna
RNBermudez,
nadavf24,andytom
brodyh,
warrenc5,andytom
rich1e,chipbuster
Ju42,Ju42
nikelborm,
mapkon,andytom
offbyone,andytom
Marin-Kitagawa,andytom
kohenkatz,matchai
swpalmer,andytom
,andytom
geozeke,
jaspermayone,jaspermayone
CSpencerND,CSpencerND
cynicsketch,
recursiveribbons,
AaronW-BE,chipbuster
eggcaker,davidkna
hood,chipbuster
MurtadhaInit,chipbuster
luckman212,
refact0r,refact0r
marthox,matchai
madhur,
jasongitmail,
maxwowpow,
taybart,
JulesdeCube,JulesdeCube
jarkkojs,matchai
avysk,
danimesq,danimesq
OneComputerGuy,OneComputerGuy
rexydye,rexydye
iArmanKarimi,
DarkPark,andytom
danimesq,
rothgar,
ndland,ndland
kverstr,kverstr
bmironer,
fold-squirrel,chipbuster
anthonyma94,andytom
fdncred,andytom
Dich0tomy,Dich0tomy
byjokese,byjokese
scottwillmoore,andytom
hriddhidey,andytom
guykisel,
Cube707,Cube707
chipbuster,andytom
rdev32,rdev32
eaglgenes101,
andytom,matchai
jacksonzamorano,jacksonzamorano
sargunv,davidkna
RobLOlson,
ucodery,
dbarrosop,
jaudiger,davidkna
parszab,
swpalmer,andytom
tjapro,tjapro
andytom,chipbuster
NoahRoseLedesma,NoahRoseLedesma
Cube707,
jaklan,andytom
AlexNomadrg,
rlanore,rlanore
jonathf,
dysbulic,
arosh,arosh
stampe99,
jfrikker-shibumi,jfrikker-shibumi
hrqmonteiro,hrqmonteiro
unera,
ryannewcomer,ryannewcomer
lucasjinreal,andytom
chipbuster,
tjapro,tjapro
tjapro,
ddbtrmatic,
matchai,
tjapro,
Ch4ni,
simon-amadeus,
tigerinus,
adamchainz,davidkna
peytondmurray,peytondmurray
matthis-k,matthis-k
Cielquan,Cielquan
9mdv,andytom
cawaltrip,
3tilley,
Vad1mo,Vad1mo
BogSala,davidkna
etrigan63,
bartkummel,andytom
mickimnet,
noraj,
mickimnet,mickimnet
Tyler799,davidkna
adrianatrevinoe,
,davidkna
Tyler799,
0xDones,davidkna
Miuler,
jmgilman,davidkna
nattadasu,davidkna
Arto-O,davidkna
Will-W,andytom
mimoo,mimoo
washanhanzi,washanhanzi
SushritPasupuleti,
mimoo,davidkna
svenstaro,
pythoninthegrass,
joyofirony,joyofirony
juliekoubova,
Ben-PH,andytom
gaykitty,
adhadse,
adhadse,davidkna
pedromfedricci,pedromfedricci
yurivict,matchai
TheRealLorenz,TheRealLorenz
liblaf,chipbuster
elkarouh,andytom
bluebyt,bluebyt
jamesoff,andytom
danimesq,matchai
phuber92,phuber92
21st-centuryman,21st-centuryman
drmikehenry,chipbuster
JUNGHUNKIM-7,JUNGHUNKIM-7
iaomw,iaomw
diktomat,andytom
halcwb,
Snimm,Snimm
qub1750ul,
ClementNerma,ClementNerma
eugenesvk,
avysk,
rmarquis,rmarquis
ghostcat1001001,matchai
malshunaef,matchai
cboecking,davidkna
cboecking,davidkna
jacek-jablonski,davidkna
mickimnet,
quiltedstars,quiltedstars
hwmrocker,andytom
rouge8,rouge8
simon-bachhuber,simon-bachhuber
pmarreck,
gotjoshua,
CEbbinghaus,
prashaathr,andytom
philsinatra,
TheJiahao,TheJiahao
tomjn,
bhagatparwinder,
pedro757,davidkna
Igetin,davidkna
bennyk8y,bennyk8y
matthis-k,
JP-Ellis,andytom
ngmisl,ngmisl
RicaBenhossi,RicaBenhossi
axiac,andytom
Igetin,davidkna
dvbnrg,dvbnrg
dedguy21,davidkna
a1b3rt,a1b3rt
domsleee,domsleee
tranzystorekk,davidkna
sjsepan3,
CrawKatt,davidkna
dannyneira,dannyneira
Peter015,
brianmay,brianmay
xxchan,
domsleee,
arthur19q3,davidkna
enrico223,enrico223
Skip2mahLooP,matchai
eggbean,eggbean
stevenxxiu,stevenxxiu
williamwebb,chipbuster
jcwilson,
Andygol,matchai
dineshba,andytom
OlaoluwaM,andytom
tanmaychimurkar,
evilbulgarian,
devEinpunk,matchai
giard-alexandre,giard-alexandre
mickimnet,
aarondill,aarondill
timothynn,matchai
ajeetdsouza,davidkna
mery6299,davidkna
kaimunlau,kaimunlau
rmarting,davidkna
scott-parkhill,matchai
SeanLatimer,
Piiikachu,
mbologna,mbologna
NightMachinery,NightMachinery
rmeno12,
acarl005,acarl005
JooDye,JooDye
Machine-Maker,
micah,matchai
gaetschwartz,
giggio,
Ashvith10,mickimnet
TheElegantCoding,
expnn,
tushartgupta,davidkna
schrej,chipbuster
tyler36,tyler36
wael-sadek,
WhyNotHugo,davidkna
pakoito,
Person-93,davidkna
WhatzGames,
orefalo,
castus,
anoduck,anoduck
malikoth,andytom
albertosantini,albertosantini
Cyanide-1,Cyanide-1
erikhuizinga,erikhuizinga
NeevChandiramani,NeevChandiramani
Mithrandir2k18,andytom
reflyable,reflyable
Ricky-Tigg,Ricky-Tigg
Derpitron,
,
tisyang,
karambaq,
Cyanide-1,
lilyball,davidkna
ckt114,andytom
ja1den,ja1den
ckt114,davidkna
rafasoares,andytom
mtalexan,andytom
mtalexan,
AminulBD,AminulBD
crdiaz324,crdiaz324
sngo666,andytom
doy,
KSaiAkshit,KSaiAkshit
hbednar,matchai
arthur19q3,arthur19q3
diminutivesloop,
MaximusPrimeForever,davidkna
christopher-tuttle,
bonds,bonds
KhalilOuali,
CarterLi,davidkna
starkers,davidkna
tas17,
ajc,
ognevny,ognevny
bogenschlag,bogenschlag
anross,anross
Arjun31415,Arjun31415
Forza-tng,
nim65s,nim65s
l-c-g,
Deimos308,
muescha,
muescha,
Machine-Maker,davidkna
Josh-Jo1,
Pikabyte,Pikabyte
rijojohn85,andytom
tmpm697,davidkna
tj-moody,tj-moody
rchojn,
kaubu,kaubu
colinlabs,davidkna
chenyanchen,chipbuster
breunouddanedeu,breunouddanedeu
tmpm697,
astynax,
rpbaptist,rpbaptist
barraponto,barraponto
Certifieddonnie,davidkna
RoyRao2333,
bytepl,
aarondill,
andrewcrook,
DuncanHills,DuncanHills
tmpm697,
Tal500,
balki,
yunielrc,yunielrc
Hubro,
Saya47,davidkna
gabebw,davidkna
pflegende,davidkna
AngDrew,AngDrew
fluentmoheshwar,fluentmoheshwar
breun,
lorens-osman-dev,davidkna
Sssssaltyfish,
Integralist,Integralist
ghostbuster91,
nullCommit,davidkna
l0b0,
player131007,
HeyItsGilbert,HeyItsGilbert
jeka,davidkna
alexdauenhauer,alexdauenhauer
vmj,
TechClusterHQ,davidkna
its-19818942118,
florentinl,
untainsYD,
Mr-Ao-Dragon,Mr-Ao-Dragon
kittenvr,kittenvr
rstoermer,
bestgopher,bestgopher
otavio-silva,andytom
akkadaya,mickimnet
Soraph,
vanilla-extracts,vanilla-extracts
vanilla-extracts,vanilla-extracts
legeana,
superbonaci,superbonaci
Schweber,Schweber
max-niederman,davidkna
25d96b,andytom
tlerbao,chipbuster
pitbuster,
zodman,andytom
Siarune,
erikweibust,
thatguy7,
leet0rz,davidkna
Aataprian12,davidkna
Aataprian12,davidkna
cathaysia,cathaysia
cathaysia,cathaysia
pluiedev,
Hope2KZ,Hope2KZ
Aataprian12,mickimnet
asg0451,
wm75,davidkna
yttriumz,
jangorecki,andytom
Ktoks,davidkna
jangorecki,andytom
davidkna,
mothsART,
Aataprian12,davidkna
ChasNelson1990,ChasNelson1990
tribut,
neyb,davidkna
behrad1234,davidkna
bfeitknecht,bfeitknecht
afranke,davidkna
mil-ad,davidkna
jkoshiel,jkoshiel
NewtonChutney,NewtonChutney
rossburton,
warrenc5,davidkna
sjsepan3,sjsepan3
plsnotracking,
LandonSchropp,
oaimtiaz,
mizuochi-hikaru,
mikami520,mikami520
japhir,
its-19818942118,
JQiue,
neerajnangireddy,matchai
klauern,davidkna
pedromfedricci,andytom
0323pin,davidkna
Derpitron,Derpitron
daniekpo,davidkna
rraafays,davidkna
br3ndonland,br3ndonland
br3ndonland,davidkna
kdarkhan,
WarDroid23,davidkna
ethnt,andytom
smashaal,
Drllap,
sun2ot,sun2ot
jpickwell,davidkna
theSprog,
januz,
januz,
stevenwalton,davidkna
carboncrystal,
kdurant,davidkna
comsoi,davidkna
grodin,
Dimonoy,davidkna
derethil,chipbuster
ralyodio,andytom
kuro337,
chipbuster,davidkna
jamielinux,jamielinux
excited-bore,excited-bore
gustavoabel,
ProMix0,davidkna
glyh,glyh
Czyhandsome,
wimpsical,
Mgldvd,
josephtole,josephtole
TheElegantCoding,
TheElegantCoding,
thisismygitrepo,thisismygitrepo
Rustmilian,davidkna
aguunu,aguunu
imnotpoz,imnotpoz
h4-h,
c33s,
deeepamin,
dwt,
Spitfire1900,
onexbash,
elbkind,davidkna
lihaoze123,
TheSkyentist,davidkna
NullVoxPopuli,NullVoxPopuli
squeaktoy,andytom
jeka,jeka
LucEast,
rpdelaney,
oblivikun,
strafe,davidkna
juru1234,
hrqmonteiro,
OpenWaygate,OpenWaygate
autra,
sheldonhull,sheldonhull
NeodymiumFerBore,
LionC,LionC
LionC,andytom
Bobrokus,Bobrokus
DavidH51200,
LionC,
fslef,fslef
AlejandroSuero,AlejandroSuero
mcgivrer,
TheGentleChainsaw,TheGentleChainsaw
DeeptangshuSaha,
sailikpandey22,sailikpandey22
texastoland,davidkna
patrickjane,
tomByrer,tomByrer
roguh,roguh
roland-5,roland-5
Jackaed,Jackaed
yurivict,davidkna
glyh,andytom
madonuko,madonuko
AA1999,AA1999
chrispyles,
therealprof,davidkna
SPiCaRiA,davidkna
ekil1100,
marvingreenberg,
XiCesar83,
feralnat19888,feralnat19888
wadeduvall,davidkna
aftix,davidkna
michel-slm,
daftping,
antoine-gallix,
kkpattern,
Bahnschrift,Bahnschrift
UniqueDing,UniqueDing
karshPrime,karshPrime
cig0,
matt-FFFFFF,matt-FFFFFF
matt-FFFFFF,
sh4r1k7,
poliorcetics,
keefetang,keefetang
Bluesboy,Bluesboy
m-aherron,
clementd64,
koiralakiran1,
zrll12,matchai
Bicheng-G,Bicheng-G
LuDreamst,LuDreamst
cineq,cineq
NetRat88,NetRat88
gregorni,
nazq,
pedro-pereira-dev,pedro-pereira-dev
Bromeon,Bromeon
pommepommee,pommepommee
albertopasqualetto,
bestagi,bestagi
wireinet,
RoyalFoxy,
saumyajyoti,
weseven,davidkna
dr-eme,
Bilge,
RivenSkaye,davidkna
BuZZ-dEE,davidkna
GhostOrder28,GhostOrder28
deanhtid,
ddmytrenko,ddmytrenko
tur1ngb0x,tur1ngb0x
lycheeje11y,
xeor,
alexeygrant,
50uth,50uth
exusiaiwei,davidkna
pitoniak32,
Btocode,andytom
sebakri,sebakri
weiren2,
rbjorklin,davidkna
xavdid,xavdid
ekorchmar,
snowfoxsh,
ksawerykarwacki,
bb2k,bb2k
its-19818942118,
danmacode,
jab,
kblissett,andytom
leana8959,leana8959
jaikarans,jaikarans
Lockszmith-GH,
egirlcatnip,
SinghaniaV,SinghaniaV
vladsirenko-gl,
kahirokunn,
alerque,alerque
poorvajasathasivam,andytom
jtyler76,
rvdm,
EdmundsEcho,
davisssamuel,
jasikpark,
lost22git,lost22git
JKatzwinkel,andytom
derekthecool,derekthecool
lewisdiamond,
jaudiger,
DeeptangshuSaha,
chschmir,
mirsella,mirsella
mirsella,
derekmurawsky,
injust,
michohl,michohl
michohl,
GimmeDataNow,
ArtemChandragupta,ArtemChandragupta
Blake-lol,
caiopiccirillo,
juru1234,davidkna
realguse,andytom
carloscarval,carloscarval
fu050409,davidkna
deanpcmad,matchai
aaronkollasch,matchai
adamhamilton44,davidkna
sjsepan3,davidkna
brandonkal,
joshuacox,joshuacox
TahomaSoft,davidkna
pBouillon,
Gonkers,Gonkers
segevfiner,
antoniovuono,
12ohit,
ShapedTime,
johnbchron,
algot,
setpill,
oriongonza,
MarkusvonStaden,andytom
srouquette,
Rexhaif,Rexhaif
J-Kappes,davidkna
mrichar1,
TheNumberOne,
kboshold,davidkna
JackySu,JackySu
amiryal,
nihaals,nihaals
500-internal-server-error,davidkna
ianzone,davidkna
cutwater,andytom
ekorchmar,davidkna
Noghpu,
aravind-n,aravind-n
LitoMore,
pinbraerts,davidkna
amomchilov,
KSXGitHub,davidkna
mmj2023,andytom
Rope-a-dope,
T3sT3ro,
Anticom,
taitep,
budimanjojo,
jrwrigh,jrwrigh
Daydreamer-riri,
nurse-the-code,andytom
luciofstars,davidkna
samarth-na,
nitnelave,
Daydreamer-riri,
bjeanes,
Xdminsy,
AbdulAlimMahir,
DaniD3v,
freijon,davidkna
jzetterman,
cospectrum,
nbgibson,
bashar-515,
sanmue,davidkna
Lupus47,
EvilsSouls,EvilsSouls
littleblack111,
Masber,Masber
zs-dima,davidkna
nelchael,
franzudev,davidkna
nazq,
danielwaltz,andytom
diego898,
phipolis,phipolis
barikata1984,barikata1984
krxecs,krxecs
hermes19,
barikata1984,barikata1984
azone,davidkna
skull-squadron,skull-squadron
nc7s,davidkna
bedge,
jrjsmrtn,
emilio,
yanyongyu,matchai
Mossop,
AminurAlam,davidkna
Super1Windcloud,matchai
atuleu,davidkna
philn,philn
Narfinger,Narfinger
DataHearth,DataHearth
valeratrades,
oriongonza,
lolmaus,davidkna
jesseleite,davidkna
FreeHarry,
xmnlp,
ryz0rg,
ryscu7,ryscu7
Davidferl,Davidferl
graysoncash,graysoncash
seamus-45,
jagdishadusumalli,
Super1Windcloud,
Super1Windcloud,Super1Windcloud
jenwagn,davidkna
damianpowell,
serl,
T3sT3ro,davidkna
n0valis,n0valis
ahaoboy,davidkna
virtuallyunknown,virtuallyunknown
Nikola-Milovic,Nikola-Milovic
alexrecuenco,alexrecuenco
nyxar77,
Suryansh-Dey,davidkna
istudyatuni,davidkna
WhyNotHugo,
720720,
thekorn87,davidkna
720720,720720
sunil-9821,davidkna
valeratrades,valeratrades
sbhal,
muhac,
ybod,ybod
Me1m0th,Me1m0th
Emsu,
paddycarver,
infused-kim,infused-kim
jgato,
petterhoel,
Pyblo,
daniel-liuzzi,
ArgentumCation,ArgentumCation
xav-ie,
ejortegau,
AdrienLemaire,AdrienLemaire
Vitruves,andytom
i-am-logger,
neddey,
shinebayar-g,shinebayar-g
amgcc,
tessus,andytom
pszlazak,pszlazak
thesobercoder,
Zooce,davidkna
koppor,
ctcjab,davidkna
lelutin,lelutin
kergoth,
jvanderen1,
JustJace1,JustJace1
rogerl50,
MattOrmianek,
bartman,
siddharthkumarjha,davidkna
0x0D15,
fatso83,
0x0D15,
HenryC983,
cogwheel,
rafaScalet,rafaScalet
devhindo,
dscottboggs,dscottboggs
dougg0k,dougg0k
pabroux,davidkna
znmeb,
adityapandeydev,
awebeer256,
Packjackisback,Packjackisback
awebeer256,
awebeer256,
egirlcatnip,
egirlcatnip,
Lupus47,Lupus47
Byron-Ding,
bpleonardo,
sbushmanov,
nouritsu,nouritsu
stumueller,stumueller
jainpratik163,
nouritsu,nouritsu
rsyring,
kapad,
morning-start,
ilmanzo,ilmanzo
msix29,davidkna
Zesko,Zesko
corymhall,
rafaScalet,
ahmadnassri,ahmadnassri
lmcelhiney,davidkna
phillies,
nagromc,davidkna
bknowles,
philn,philn
wintervoid,
laterre39,
ianzone,
Hol1kgmg,
nullndr,
kapad,
og900aero,
anantajit,anantajit
jhecksonSa,davidkna
gnukhaled,davidkna
AlexAntonik,
gavinmcfall,
devhindo,
slouloudis,slouloudis
thanhloc-17,
saenic,
folexbrits,
gs-101,
,
konosubakonoakua,
xrunes,
zartc,
japhir,davidkna
MycrofD,
svenjacobs,
Erudition,
EtaoinWu,
xty,
mrclrchtr,
elrichuang,elrichuang
varidm,
excited-bore,
martinsvensson-sonepar,
mheuvel-dev,davidkna
leighmcculloch,
corneliusroemer,
pfranz,
EliSauder,EliSauder
tessus,
msfjarvis,
Me1m0th,davidkna
serl,davidkna
kakulukia,kakulukia
MeridianGH,MeridianGH
AtifChy,AtifChy
Chapien,Chapien
Zhurik,davidkna
Simonf8,Simonf8
Zhurik,
SquirrelEdison,
jaredmontoya,
Nukecraft5419,
escapewindow,
komar007,
komar007,
komar007,
nigeljames-tess,nigeljames-tess
vspcoderz,
EZTaylor,
strniko,strniko
ilium007,
BoiteuxL,davidkna
sofiedotcafe,sofiedotcafe
corneliusroemer,
torarvid,torarvid
fernan,fernan
Craftidore,
mathomp4,
dspvvy,
WilliamBy,
injust,
injust,
mountainlizard,
lzm0,
pseudo-su,pseudo-su
dhrue-raja-foundry,
bugficks,
julianneswinoga,
brandonchinn178,
brandonchinn178,
svpace,
IThundxr,
dougg0k,
user583953,
Eoghanmc22,
domsleee,davidkna
ngzhekai,ngzhekai
pro-sumer,
j-lakeman,
pro-sumer,
AidanHarveyNelson,
IceSentry,
bgold09,
angus-mri,angus-mri
Arc676,davidkna
Kore-rep,
LunarLambda,andytom
acarapetis,acarapetis
Embers-of-the-Fire,Embers-of-the-Fire
pydmy7,
theAkito,
mhunsber,mhunsber
CanvasofSpores,CanvasofSpores
PinguinLars,
chrisgrieser,
kouhe3,
ctcjab,
dhnam,
yunfachi,
Byron,
abonforti,
mtalexan,
dhnam,
tungstengmd,
pro-sumer,pro-sumer
diraneyya,
DaniD3v,davidkna
psychvc,davidkna
flashios09,
partrita,
cappyzawa,
ilinvai,
offbyone,
Konfekt,
Gorthog,Gorthog
qasimsk20,
kinchahoy,kinchahoy
dessalines,
garymm,
quazar-omega,
sghng,
playbahn,playbahn
IamRezaMousavi,IamRezaMousavi
kettleofketchup,
sghng,sghng
Collision4468,
aaron13223,
skeept,
andyearnshaw,
Jisu-Woniu,davidkna
Jaffrez,
dwt,dwt
Konstantin-Glukhov,
PrivatePuffin,
cs102,
AlexandreBossard,
showhwa,showhwa
hydr0nium,hydr0nium
cjw296,
djdv,davidkna
eagle-r,
DisplayGFX,
allen-liaoo,
JudeLingan,
injust,
bingoUV,
segevfiner,davidkna
remyleone,
jim-barber-he,davidkna
nickjer,davidkna
carlescufi,carlescufi
TomJo2000,
pzelnip,
charlesrocket,
michaelBelsanti,michaelBelsanti
br3ndonland,
tadhgboyle,
itpropro,
playbahn,playbahn
huudatt02,
tsvikas,
sjsepan3,
polymo1,
jlau-ice,jlau-ice
playbahn,playbahn
taflaj,davidkna
ferreteleco,
kofany,
eminence,
ghuh,
